Date;Open;High;Low;Close;Adj Close;Volume
31/05/2019;512;512;493;502;489;11
03/06/2019;502;502;502;502;489;
04/06/2019;502;502;502;502;489;
05/06/2019;502;502;502;502;489;
06/06/2019;502;502;502;502;489;
07/06/2019;502;502;502;502;489;
10/06/2019;502;507;502;507;494;4
11/06/2019;507;512;502;502;489;4
12/06/2019;507;507;497;497;484;6
13/06/2019;497;502;493;493;480;7
14/06/2019;493;497;488;493;480;3
17/06/2019;493;497;486;488;475;7
18/06/2019;488;493;486;488;475;5
19/06/2019;488;497;488;497;484;5
20/06/2019;493;497;488;497;484;5
21/06/2019;497;497;488;493;480;3
24/06/2019;493;497;488;493;480;2
25/06/2019;493;497;493;497;484;1
26/06/2019;497;497;486;488;475;12
27/06/2019;488;497;488;488;475;2
28/06/2019;488;497;488;493;480;7
01/07/2019;493;502;493;493;480;5
02/07/2019;493;497;493;493;480;5
03/07/2019;493;497;488;493;480;4
04/07/2019;493;497;493;493;480;3
05/07/2019;493;497;488;488;475;9
08/07/2019;488;497;488;497;484;9
09/07/2019;497;497;488;493;480;4
10/07/2019;493;497;488;488;475;5
11/07/2019;488;497;488;488;475;4
12/07/2019;493;493;488;488;475;19
15/07/2019;488;497;488;497;484;16
16/07/2019;497;522;497;512;499;37
17/07/2019;512;517;497;502;489;9
18/07/2019;502;507;497;502;489;2
19/07/2019;502;507;497;497;484;2
22/07/2019;497;502;493;493;480;2
23/07/2019;497;497;493;493;480;2
24/07/2019;493;497;488;493;480;4
25/07/2019;497;497;493;493;480;3
26/07/2019;493;497;488;493;480;3
29/07/2019;493;493;486;488;475;7
30/07/2019;488;493;488;488;475;1
31/07/2019;488;493;486;493;480;4
01/08/2019;493;493;486;486;473;4
02/08/2019;486;488;482;484;471;6
05/08/2019;484;486;468;472;460;8
06/08/2019;472;472;454;468;456;12
07/08/2019;470;480;468;468;456;6
08/08/2019;486;486;468;470;458;4
09/08/2019;470;480;468;470;458;5
12/08/2019;472;474;468;470;458;1
13/08/2019;470;470;464;464;452;3
14/08/2019;464;468;460;462;450;3
15/08/2019;462;462;454;456;445;3
16/08/2019;456;466;456;462;450;2
19/08/2019;462;472;458;460;448;3
20/08/2019;462;466;458;458;446;2
21/08/2019;458;462;453;454;443;4
22/08/2019;454;456;447;447;435;4
23/08/2019;447;454;447;454;443;3
26/08/2019;454;458;445;447;435;2
27/08/2019;449;453;439;441;429;6
28/08/2019;441;445;433;433;422;6
29/08/2019;435;439;421;421;410;6
30/08/2019;421;431;419;423;412;6
02/09/2019;423;425;400;400;389;10
03/09/2019;400;404;390;396;386;5
04/09/2019;396;400;388;394;384;6
05/09/2019;396;429;392;417;407;11
06/09/2019;419;425;415;415;405;4
09/09/2019;415;419;408;410;399;3
10/09/2019;410;435;410;427;416;14
11/09/2019;427;437;425;427;416;11
12/09/2019;427;435;427;427;416;5
13/09/2019;431;431;414;415;405;6
16/09/2019;414;417;396;398;388;8
17/09/2019;400;408;398;404;393;3
18/09/2019;404;427;404;423;412;10
19/09/2019;423;425;414;417;407;3
20/09/2019;417;423;414;419;408;1
23/09/2019;419;423;414;414;403;1
24/09/2019;414;415;406;410;399;2
25/09/2019;410;412;406;406;395;3
26/09/2019;406;415;400;402;391;5
27/09/2019;402;404;398;398;388;3
30/09/2019;398;402;392;394;384;4
01/10/2019;394;406;394;398;388;3
02/10/2019;398;402;378;380;370;6
03/10/2019;380;388;371;388;378;4
04/10/2019;388;398;382;398;388;2
07/10/2019;398;400;384;386;376;4
08/10/2019;386;398;386;394;384;3
09/10/2019;394;400;388;388;378;1
10/10/2019;388;392;375;380;370;5
11/10/2019;388;388;376;382;372;3
14/10/2019;382;388;378;378;369;6
15/10/2019;380;380;376;378;369;4
16/10/2019;378;384;376;380;370;3
17/10/2019;380;390;378;384;374;7
18/10/2019;388;396;386;392;382;32
21/10/2019;394;398;380;382;372;19
22/10/2019;382;386;378;380;370;4
23/10/2019;382;384;378;380;370;4
24/10/2019;380;402;380;392;382;26
25/10/2019;392;396;388;388;378;9
28/10/2019;388;392;384;384;374;3
29/10/2019;386;390;384;384;374;3
30/10/2019;388;392;382;382;372;4
31/10/2019;384;388;373;376;367;7
01/11/2019;376;378;373;375;365;3
04/11/2019;376;380;373;376;367;4
05/11/2019;375;382;375;378;369;3
06/11/2019;382;382;375;375;365;2
07/11/2019;375;378;371;375;365;4
08/11/2019;375;376;369;371;361;9
11/11/2019;371;376;363;365;355;2
12/11/2019;365;369;363;365;355;7
13/11/2019;365;367;363;365;355;1
14/11/2019;367;367;359;361;351;8
15/11/2019;359;365;359;359;350;9
18/11/2019;359;365;359;363;353;7
19/11/2019;363;365;355;361;351;3
20/11/2019;361;363;357;359;350;4
21/11/2019;361;361;355;357;348;2
22/11/2019;357;357;341;347;338;10
25/11/2019;347;353;341;341;332;2
26/11/2019;322;343;322;330;321;4
27/11/2019;328;332;310;312;304;6
28/11/2019;312;312;295;298;291;5
29/11/2019;298;308;293;308;300;3
02/12/2019;308;316;308;310;302;3
03/12/2019;310;337;310;332;323;10
04/12/2019;332;347;332;334;325;8
05/12/2019;341;341;322;322;313;6
06/12/2019;322;328;320;322;313;4
09/12/2019;322;330;320;322;313;3
10/12/2019;322;326;320;320;312;4
11/12/2019;322;324;312;312;304;6
12/12/2019;314;322;310;310;302;5
13/12/2019;314;316;310;310;302;3
16/12/2019;310;316;306;310;302;4
17/12/2019;310;314;310;310;302;2
18/12/2019;310;337;310;332;323;18
19/12/2019;332;337;324;330;321;9
20/12/2019;330;343;326;337;329;17
23/12/2019;336;339;334;334;325;5
26/12/2019;334;336;326;330;321;2
27/12/2019;332;332;320;326;317;4
30/12/2019;326;332;322;322;313;3
02/01/2020;322;328;322;324;315;1
03/01/2020;326;328;318;320;312;5
06/01/2020;320;326;312;316;308;7
07/01/2020;316;316;308;310;302;6
08/01/2020;310;310;304;304;296;4
09/01/2020;304;314;302;310;302;5
10/01/2020;310;316;306;306;298;6
13/01/2020;308;316;306;312;304;11
14/01/2020;314;318;310;312;304;8
15/01/2020;312;314;308;312;304;19
16/01/2020;312;314;308;312;304;12
17/01/2020;312;312;308;310;302;2
20/01/2020;312;316;310;316;308;17
21/01/2020;316;316;308;312;304;6
22/01/2020;312;316;308;308;300;11
23/01/2020;310;310;302;302;294;17
24/01/2020;300;306;300;304;296;5
27/01/2020;308;308;300;302;294;9
28/01/2020;295;306;295;306;298;2
29/01/2020;308;316;308;312;304;10
30/01/2020;312;314;306;306;298;2
31/01/2020;306;308;300;302;294;3
03/02/2020;302;302;296;298;291;4
04/02/2020;298;304;298;302;294;2
05/02/2020;304;306;302;304;296;1
06/02/2020;306;310;304;308;300;2
07/02/2020;308;318;308;316;308;4
10/02/2020;316;316;306;308;300;3
11/02/2020;308;316;306;308;300;2
12/02/2020;308;312;304;304;296;1
13/02/2020;304;304;291;298;291;5
14/02/2020;298;298;291;295;287;5
17/02/2020;295;300;293;296;289;2
18/02/2020;296;298;295;296;289;3
19/02/2020;300;300;295;296;289;3
20/02/2020;295;300;295;296;289;1
21/02/2020;296;296;289;293;285;3
24/02/2020;293;293;281;281;274;9
25/02/2020;279;279;269;271;264;3
26/02/2020;271;271;252;257;251;8
27/02/2020;252;257;244;246;239;4
28/02/2020;226;242;197;215;209;14
02/03/2020;218;218;195;201;196;10
03/03/2020;201;211;195;195;190;17
04/03/2020;197;207;193;199;194;43
05/03/2020;203;248;199;248;241;54
06/03/2020;254;267;238;244;237;62
09/03/2020;224;244;209;209;203;18
10/03/2020;209;256;205;244;237;44
11/03/2020;238;259;222;230;224;35
12/03/2020;230;230;209;209;203;13
13/03/2020;209;215;195;207;201;14
16/03/2020;207;207;193;193;188;12
17/03/2020;190;193;180;180;176;5
18/03/2020;180;180;169;169;164;9
19/03/2020;157;166;157;157;153;1
20/03/2020;157;159;146;151;147;13
23/03/2020;151;151;141;141;138;3
24/03/2020;133;155;132;132;128;19
26/03/2020;133;167;132;156;152;29
27/03/2020;160;209;160;193;188;46
30/03/2020;189;213;180;183;179;23
31/03/2020;185;205;185;191;186;16
01/04/2020;191;199;179;180;176;12
02/04/2020;180;188;178;184;180;8
03/04/2020;190;193;185;188;183;13
06/04/2020;191;205;191;199;194;29
07/04/2020;205;217;192;197;192;24
08/04/2020;199;203;185;186;181;10
09/04/2020;190;193;184;188;183;6
13/04/2020;187;207;187;195;190;28
14/04/2020;197;207;195;197;192;27
15/04/2020;199;203;191;192;187;12
16/04/2020;193;195;185;189;184;7
17/04/2020;190;199;189;197;192;15
20/04/2020;199;199;191;191;186;8
21/04/2020;191;193;184;187;182;8
22/04/2020;187;191;180;190;185;7
23/04/2020;193;197;189;189;184;7
24/04/2020;188;191;184;184;180;6
27/04/2020;189;189;185;189;184;4
28/04/2020;190;193;184;185;180;4
29/04/2020;185;187;185;186;181;3
30/04/2020;186;194;186;191;186;13
04/05/2020;191;207;183;197;192;24
05/05/2020;201;246;201;246;239;206
06/05/2020;254;295;242;250;243;260
08/05/2020;263;263;242;242;236;76
11/05/2020;244;256;240;242;236;27
12/05/2020;242;244;226;226;220;30
13/05/2020;224;275;218;273;266;189
14/05/2020;277;287;256;256;249;147
15/05/2020;256;265;240;246;239;56
18/05/2020;248;273;240;265;258;122
19/05/2020;269;322;265;281;274;410
20/05/2020;281;298;277;281;274;192
26/05/2020;283;293;281;283;275;52
27/05/2020;285;306;281;300;293;145
28/05/2020;302;310;291;295;287;74
29/05/2020;293;300;291;293;285;39
02/06/2020;293;320;293;312;304;125
03/06/2020;318;326;304;312;304;111
04/06/2020;312;318;304;306;298;42
05/06/2020;308;316;296;312;304;46
08/06/2020;316;328;314;320;312;89
09/06/2020;322;326;306;306;298;43
10/06/2020;308;308;291;295;287;42
11/06/2020;296;300;281;287;279;25
12/06/2020;285;306;267;304;296;94
15/06/2020;304;310;295;295;287;28
16/06/2020;298;314;298;310;302;75
17/06/2020;314;318;308;310;302;38
18/06/2020;308;314;308;308;300;31
19/06/2020;308;314;306;308;300;11
22/06/2020;308;310;293;300;293;18
23/06/2020;300;302;296;298;291;13
24/06/2020;298;312;298;306;298;32
25/06/2020;306;306;300;302;294;8
26/06/2020;304;308;300;300;293;8
29/06/2020;300;302;296;298;291;7
30/06/2020;302;304;298;300;293;6
01/07/2020;304;304;298;298;291;5
02/07/2020;300;302;296;298;291;11
03/07/2020;300;314;300;310;302;81
06/07/2020;314;386;314;386;376;557
07/07/2020;398;464;390;441;429;1352
08/07/2020;441;458;421;429;418;370
09/07/2020;429;439;421;427;416;109
10/07/2020;429;493;423;462;450;969
13/07/2020;470;484;466;470;458;206
14/07/2020;472;502;462;478;465;414
15/07/2020;480;488;472;478;465;136
16/07/2020;484;488;476;480;467;183
17/07/2020;480;484;474;476;464;57
20/07/2020;476;478;460;462;450;70
21/07/2020;462;476;462;472;460;61
22/07/2020;474;476;462;468;456;63
23/07/2020;474;497;470;482;469;243
24/07/2020;478;484;470;472;460;66
27/07/2020;474;476;464;468;456;53
28/07/2020;468;585;466;575;560;798
29/07/2020;580;600;536;536;522;398
30/07/2020;536;566;507;527;513;295
03/08/2020;527;546;493;502;489;166
04/08/2020;502;541;502;522;508;173
05/08/2020;527;556;507;536;522;213
06/08/2020;541;561;532;541;527;150
07/08/2020;551;551;532;536;522;74
10/08/2020;536;556;536;546;532;112
11/08/2020;551;575;551;556;541;124
12/08/2020;556;619;546;575;560;721
13/08/2020;590;614;566;571;556;154
14/08/2020;571;585;566;571;556;57
18/08/2020;575;605;571;590;575;191
19/08/2020;590;610;585;590;575;101
24/08/2020;590;731;590;712;693;873
25/08/2020;727;727;683;702;684;259
26/08/2020;702;868;692;844;822;821
27/08/2020;853;990;849;927;902;660
28/08/2020;931;975;917;941;917;180
31/08/2020;951;995;912;941;917;337
01/09/2020;946;966;927;951;926;133
02/09/2020;961;966;946;946;921;71
03/09/2020;956;956;917;931;907;78
04/09/2020;936;966;888;961;936;157
07/09/2020;961;975;927;946;921;142
08/09/2020;946;956;931;936;912;42
09/09/2020;931;931;873;888;864;153
10/09/2020;878;888;829;829;807;132
11/09/2020;790;868;775;839;817;503
14/09/2020;858;907;853;897;874;273
15/09/2020;907;922;863;878;855;203
16/09/2020;888;888;829;853;831;120
17/09/2020;858;868;829;834;812;74
18/09/2020;834;868;829;849;826;102
21/09/2020;858;858;800;805;784;111
22/09/2020;770;795;751;751;731;243
23/09/2020;770;785;702;731;712;300
24/09/2020;722;722;692;707;689;158
25/09/2020;717;766;692;751;731;409
28/09/2020;766;780;731;736;717;141
29/09/2020;746;761;712;722;703;136
30/09/2020;731;741;707;731;712;112
01/10/2020;741;775;736;775;755;192
02/10/2020;780;785;736;756;736;205
05/10/2020;770;819;751;819;798;280
06/10/2020;839;858;824;824;803;262
07/10/2020;814;839;805;829;807;130
08/10/2020;834;853;824;839;817;140
09/10/2020;844;849;829;834;812;77
12/10/2020;849;888;839;878;855;309
13/10/2020;897;1097;897;1097;1069;939
14/10/2020;1175;1370;1170;1370;1335;264
15/10/2020;1560;1648;1278;1278;1244;300
16/10/2020;1219;1365;1190;1361;1325;610
19/10/2020;1404;1463;1322;1365;1330;428
20/10/2020;1370;1517;1322;1463;1425;792
21/10/2020;1512;1512;1361;1361;1325;571
22/10/2020;1361;1361;1268;1268;1235;36
23/10/2020;1180;1326;1180;1180;1149;730
26/10/2020;1165;1273;1165;1219;1187;224
27/10/2020;1219;1273;1190;1205;1173;214
02/11/2020;1214;1224;1151;1180;1149;77
03/11/2020;1190;1209;1151;1151;1121;82
04/11/2020;1161;1190;1122;1141;1111;160
05/11/2020;1151;1248;1151;1234;1202;333
06/11/2020;1239;1263;1195;1200;1168;177
09/11/2020;1219;1234;1185;1190;1159;76
10/11/2020;1209;1214;1180;1200;1168;75
11/11/2020;1234;1312;1205;1244;1211;405
12/11/2020;1248;1283;1224;1244;1211;114
13/11/2020;1244;1287;1239;1268;1235;138
16/11/2020;1283;1283;1258;1263;1230;67
17/11/2020;1263;1292;1253;1273;1240;126
18/11/2020;1283;1326;1268;1317;1282;223
19/11/2020;1326;1375;1317;1322;1287;289
20/11/2020;1322;1341;1287;1302;1268;109
23/11/2020;1322;1326;1292;1312;1278;66
24/11/2020;1312;1326;1297;1317;1282;84
25/11/2020;1356;1385;1322;1341;1306;226
26/11/2020;1341;1356;1326;1341;1306;61
27/11/2020;1341;1443;1326;1434;1396;284
30/11/2020;1443;1497;1336;1395;1358;417
01/12/2020;1361;1448;1351;1419;1382;215
02/12/2020;1429;1443;1409;1419;1382;109
03/12/2020;1419;1468;1414;1448;1410;243
04/12/2020;1463;1463;1429;1429;1391;87
07/12/2020;1429;1458;1395;1439;1401;73
08/12/2020;1443;1448;1419;1424;1387;47
10/12/2020;1434;1487;1424;1453;1415;229
11/12/2020;1463;1795;1453;1741;1695;971
14/12/2020;1760;2107;1751;2107;2052;610
15/12/2020;2194;2214;1960;2048;1995;500
16/12/2020;2077;2175;2048;2068;2014;209
17/12/2020;2068;2126;2048;2077;2023;105
18/12/2020;2077;2311;2009;2233;2175;407
21/12/2020;2263;2429;2233;2350;2289;211
22/12/2020;2350;2409;2204;2263;2204;170
23/12/2020;2272;2331;2107;2214;2156;193
28/12/2020;2224;2263;2165;2214;2156;79
29/12/2020;2224;2399;2214;2233;2175;211
30/12/2020;2233;2311;2146;2194;2137;121
04/01/2021;2243;2321;2175;2302;2242;123
05/01/2021;2311;2370;2253;2292;2232;119
06/01/2021;2302;2575;2282;2448;2384;421
07/01/2021;2448;2848;2448;2643;2574;423
08/01/2021;2692;2936;2663;2789;2717;310
11/01/2021;2838;2994;2809;2965;2887;231
12/01/2021;2984;3706;2984;3667;3571;559
13/01/2021;3706;3882;3560;3677;3581;299
14/01/2021;3667;3843;3618;3667;3571;160
15/01/2021;3667;3726;3531;3579;3486;136
18/01/2021;3521;3579;3336;3336;3248;219
19/01/2021;3297;3297;3111;3111;3030;28
20/01/2021;2897;3560;2897;3560;3467;472
21/01/2021;3609;3706;3316;3394;3305;263
22/01/2021;3394;3462;3160;3160;3077;147
25/01/2021;3160;3228;2945;3160;3077;217
26/01/2021;3160;3238;2945;2945;2868;199
27/01/2021;2945;2945;2741;2741;2669;297
28/01/2021;2711;2975;2555;2555;2489;417
29/01/2021;2633;2780;2380;2380;2318;306
01/02/2021;2390;2887;2214;2731;2660;808
02/02/2021;2760;2799;2546;2546;2479;315
03/02/2021;2546;2741;2438;2682;2612;426
04/02/2021;2702;2770;2555;2614;2546;250
05/02/2021;2702;2711;2565;2643;2574;105
08/02/2021;2643;2926;2633;2887;2811;406
09/02/2021;2897;2994;2702;2760;2688;350
10/02/2021;2770;2838;2692;2799;2726;113
11/02/2021;2809;2877;2760;2799;2726;85
15/02/2021;2799;2858;2799;2799;2726;49
16/02/2021;2809;2877;2799;2828;2754;70
17/02/2021;2828;2838;2672;2672;2603;94
18/02/2021;2672;2711;2585;2633;2565;74
19/02/2021;2633;2672;2585;2624;2555;56
22/02/2021;2633;2780;2624;2702;2631;124
23/02/2021;2721;2750;2672;2721;2650;36
24/02/2021;2721;2799;2692;2750;2679;76
25/02/2021;2760;2906;2760;2887;2811;217
26/02/2021;2906;2994;2760;2867;2792;240
01/03/2021;2897;2906;2809;2848;2773;60
02/03/2021;2858;2877;2780;2780;2707;45
03/03/2021;2789;2838;2731;2741;2669;47
04/03/2021;2741;2780;2565;2614;2546;76
05/03/2021;2614;2643;2516;2565;2498;43
08/03/2021;2565;2672;2565;2614;2546;37
09/03/2021;2614;2643;2536;2555;2489;27
10/03/2021;2585;2585;2497;2507;2441;26
12/03/2021;2516;2575;2507;2555;2489;33
15/03/2021;2555;2614;2536;2536;2470;26
16/03/2021;2536;2692;2536;2614;2546;64
17/03/2021;2633;2663;2614;2633;2565;23
18/03/2021;2633;2672;2633;2653;2584;30
19/03/2021;2663;2663;2555;2604;2536;88
22/03/2021;2604;2614;2555;2555;2489;15
23/03/2021;2555;2594;2516;2526;2460;23
24/03/2021;2526;2575;2497;2536;2470;18
25/03/2021;2536;2555;2370;2429;2365;35
26/03/2021;2390;2477;2390;2477;2413;34
29/03/2021;2477;2497;2390;2390;2327;18
30/03/2021;2390;2429;2263;2292;2232;35
31/03/2021;2292;2292;2155;2233;2175;39
01/04/2021;2233;2292;2194;2272;2213;33
05/04/2021;2302;2302;2155;2175;2118;27
06/04/2021;2185;2214;2136;2204;2147;20
07/04/2021;2165;2214;2146;2185;2128;13
08/04/2021;2185;2419;2165;2380;2318;65
09/04/2021;2390;2390;2302;2321;2261;45
12/04/2021;2321;2341;2204;2214;2156;17
13/04/2021;2214;2263;2165;2214;2156;12
14/04/2021;2204;2311;2204;2272;2213;29
15/04/2021;2282;2311;2224;2243;2185;12
16/04/2021;2243;2302;2243;2272;2213;15
19/04/2021;2272;2448;2272;2399;2337;89
20/04/2021;2399;2399;2292;2321;2261;25
21/04/2021;2341;2341;2263;2282;2223;22
22/04/2021;2292;2331;2282;2282;2223;15
23/04/2021;2282;2292;2243;2263;2204;9
26/04/2021;2263;2292;2243;2253;2194;10
27/04/2021;2263;2292;2233;2233;2175;13
28/04/2021;2233;2263;2155;2165;2109;31
29/04/2021;2165;2263;2165;2204;2147;26
30/04/2021;2204;2233;2185;2224;2166;10
03/05/2021;2224;2243;2165;2185;2128;14
04/05/2021;2185;2204;2155;2194;2137;19
05/05/2021;2214;2282;2194;2224;2166;26
06/05/2021;2233;2419;2224;2360;2299;106
07/05/2021;2360;2390;2253;2253;2194;37
10/05/2021;2253;2302;2224;2224;2166;25
11/05/2021;2224;2224;2165;2194;2137;26
17/05/2021;2194;2204;2048;2048;1995;61
18/05/2021;2048;2077;1921;1960;1909;60
19/05/2021;1941;1960;1843;1858;1809;55
20/05/2021;1853;1921;1809;1877;1828;52
21/05/2021;1887;1897;1804;1809;1762;36
24/05/2021;1814;1829;1707;1717;1672;53
25/05/2021;1717;1873;1707;1804;1757;87
27/05/2021;1814;1946;1785;1785;1738;114
28/05/2021;1804;1843;1790;1824;1776;51
31/05/2021;1834;1877;1824;1858;1809;35
02/06/2021;1858;1916;1858;1877;1828;34
03/06/2021;1887;1897;1853;1873;1824;24
04/06/2021;1877;2048;1863;1999;1947;157
07/06/2021;2038;2038;1863;1868;1819;119
08/06/2021;1868;1877;1770;1780;1733;70
09/06/2021;1785;1838;1770;1814;1767;51
10/06/2021;1814;1858;1799;1834;1786;29
11/06/2021;1838;1853;1785;1790;1743;32
14/06/2021;1795;1814;1765;1765;1719;23
15/06/2021;1765;1790;1741;1751;1705;21
16/06/2021;1751;1765;1726;1736;1691;20
17/06/2021;1736;1819;1717;1809;1762;48
18/06/2021;1804;1853;1721;1721;1676;78
21/06/2021;1726;1741;1668;1682;1638;37
22/06/2021;1687;1790;1682;1765;1719;53
23/06/2021;1756;1785;1707;1707;1662;37
24/06/2021;1707;1726;1682;1682;1638;25
25/06/2021;1678;1960;1678;1897;1847;335
28/06/2021;1941;2204;1892;2194;2137;474
29/06/2021;2175;2272;2048;2136;2080;304
30/06/2021;2126;2311;2097;2243;2185;307
01/07/2021;2253;2302;2175;2224;2166;137
02/07/2021;2243;2263;2097;2175;2118;88
05/07/2021;2175;2224;2097;2107;2052;68
06/07/2021;2116;2194;2068;2126;2071;83
07/07/2021;2136;2292;2126;2272;2213;191
08/07/2021;2282;2438;2282;2370;2308;233
09/07/2021;2390;2438;2311;2321;2261;100
12/07/2021;2321;2390;2292;2302;2242;51
13/07/2021;2302;2341;2194;2233;2175;61
14/07/2021;2233;2341;2165;2292;2232;68
15/07/2021;2292;2350;2272;2331;2270;70
16/07/2021;2331;2438;2321;2380;2318;128
19/07/2021;2380;2555;2341;2526;2460;193
21/07/2021;2546;2643;2487;2507;2441;132
22/07/2021;2526;2575;2507;2516;2451;32
23/07/2021;2516;2604;2516;2575;2508;114
26/07/2021;2604;2653;2555;2614;2546;105
27/07/2021;2614;2809;2497;2643;2574;215
28/07/2021;2653;2760;2653;2731;2660;103
29/07/2021;2731;2770;2682;2750;2679;64
30/07/2021;2760;2799;2565;2565;2498;129
02/08/2021;2536;2604;2409;2536;2470;142
03/08/2021;2536;2585;2468;2477;2413;45
04/08/2021;2487;2555;2468;2516;2451;45
05/08/2021;2536;2663;2507;2633;2565;74
06/08/2021;2653;2692;2565;2624;2555;49
09/08/2021;2624;2633;2448;2448;2384;66
10/08/2021;2438;2458;2282;2282;2223;66
12/08/2021;2272;2302;2165;2292;2232;68
13/08/2021;2282;2360;2243;2311;2251;60
16/08/2021;2311;2341;2175;2194;2137;68
18/08/2021;2194;2233;2048;2116;2061;79
19/08/2021;2116;2136;1990;2009;1957;62
20/08/2021;2009;2165;1960;2097;2042;70
23/08/2021;2146;2165;2097;2146;2090;46
24/08/2021;2155;2233;2116;2126;2071;44
25/08/2021;2155;2175;2116;2146;2090;21
26/08/2021;2185;2185;2116;2136;2080;19
27/08/2021;2155;2194;2068;2107;2052;39
30/08/2021;2136;2194;2116;2155;2099;36
31/08/2021;2165;2165;2116;2165;2109;19
01/09/2021;2165;2185;2126;2126;2071;14
02/09/2021;2136;2155;2087;2087;2033;22
03/09/2021;2087;2116;2068;2087;2033;21
06/09/2021;2087;2107;2048;2077;2023;23
07/09/2021;2077;2116;2058;2058;2004;27
08/09/2021;2058;2077;2019;2019;1966;26
09/09/2021;2019;2038;1951;1990;1938;36
10/09/2021;1990;2068;1980;2038;1985;33
13/09/2021;2038;2077;2019;2077;2023;39
14/09/2021;2107;2116;2048;2068;2014;37
15/09/2021;2068;2077;2038;2038;1985;19
16/09/2021;2077;2165;2038;2097;2042;79
17/09/2021;2097;2126;2068;2097;2042;42
20/09/2021;2087;2097;2019;2029;1976;25
21/09/2021;2029;2058;1980;2019;1966;13
22/09/2021;2019;2068;2009;2058;2004;17
23/09/2021;2068;2107;2038;2087;2033;39
24/09/2021;2087;2116;2048;2058;2004;35
27/09/2021;2058;2087;2019;2019;1966;27
28/09/2021;2029;2038;1999;2009;1957;18
29/09/2021;1999;2009;1951;1990;1938;36
30/09/2021;1999;2029;1960;1990;1938;32
01/10/2021;1990;2009;1960;1990;1938;27
04/10/2021;1990;2107;1990;2068;2014;75
05/10/2021;2097;2097;2029;2029;1976;25
06/10/2021;2048;2185;2029;2146;2090;163
07/10/2021;2165;2214;2087;2087;2033;80
08/10/2021;2107;2126;2058;2097;2042;31
11/10/2021;2097;2107;2019;2038;1985;47
12/10/2021;2058;2068;2019;2029;1976;26
13/10/2021;2048;2068;2019;2029;1976;27
14/10/2021;2029;2087;2029;2038;1985;36
15/10/2021;2029;2097;2029;2077;2023;43
18/10/2021;2077;2233;2077;2194;2137;151
19/10/2021;2204;2233;2136;2155;2099;65
21/10/2021;2165;2204;2087;2097;2042;74
22/10/2021;2107;2146;2068;2107;2052;27
25/10/2021;2126;2136;2077;2077;2023;25
26/10/2021;2087;2146;2077;2097;2042;36
27/10/2021;2107;2116;2077;2087;2033;17
28/10/2021;2087;2097;2009;2029;1976;52
29/10/2021;2048;2077;2029;2058;2004;27
01/11/2021;2058;2077;2029;2038;1985;17
02/11/2021;2038;2058;1999;2019;1966;22
03/11/2021;2029;2048;2009;2038;1985;16
04/11/2021;2038;2068;2009;2009;1957;45
05/11/2021;2019;2048;2009;2029;1976;16
08/11/2021;2038;2087;2029;2038;1985;48
09/11/2021;2038;2058;2019;2029;1976;21
10/11/2021;2029;2038;2019;2029;1976;10
11/11/2021;2029;2038;2009;2019;1966;17
12/11/2021;2029;2038;2009;2009;1957;15
15/11/2021;2009;2029;2009;2019;1966;11
16/11/2021;2019;2077;2009;2038;1985;39
17/11/2021;2048;2058;2019;2029;1976;14
18/11/2021;2029;2048;2009;2019;1966;16
19/11/2021;2048;2048;2009;2019;1966;16
22/11/2021;2019;2029;1990;2009;1957;30
23/11/2021;2009;2019;1990;1999;1947;15
24/11/2021;1999;2009;1990;1999;1947;9
25/11/2021;1999;2019;1999;1999;1947;13
26/11/2021;1999;2009;1951;1960;1909;28
29/11/2021;1951;1970;1892;1916;1866;49
30/11/2021;1916;1936;1897;1907;1857;22
01/12/2021;1902;1912;1804;1809;1762;52
02/12/2021;1809;1814;1760;1765;1719;39
03/12/2021;1765;1863;1765;1829;1781;31
06/12/2021;1829;1848;1804;1834;1786;16
07/12/2021;1843;1858;1819;1819;1771;16
08/12/2021;1824;1902;1824;1868;1819;34
09/12/2021;1873;1887;1843;1853;1805;13
10/12/2021;1877;1877;1853;1858;1809;6
13/12/2021;1868;1873;1848;1848;1800;8
14/12/2021;1848;1858;1824;1834;1786;9
15/12/2021;1834;1848;1819;1824;1776;8
16/12/2021;1824;1838;1785;1799;1752;14
17/12/2021;1799;1799;1780;1790;1743;11
20/12/2021;1790;1799;1756;1756;1710;14
21/12/2021;1756;1790;1731;1741;1695;19
22/12/2021;1741;1751;1721;1721;1676;14
23/12/2021;1736;1736;1721;1726;1681;6
24/12/2021;1726;1765;1717;1751;1705;12
27/12/2021;1751;1843;1751;1814;1767;25
28/12/2021;1819;1834;1756;1756;1710;23
29/12/2021;1756;1765;1736;1746;1700;7
30/12/2021;1746;1760;1736;1736;1691;6
03/01/2022;1736;1756;1736;1736;1691;6
04/01/2022;1736;1765;1731;1751;1705;8
05/01/2022;1756;1795;1741;1746;1700;14
06/01/2022;1746;1756;1692;1702;1657;25
07/01/2022;1702;1717;1687;1702;1657;13
10/01/2022;1702;1765;1697;1717;1672;24
11/01/2022;1721;1726;1697;1697;1653;11
12/01/2022;1702;1712;1580;1580;1539;39
13/01/2022;1590;1595;1497;1575;1534;41
14/01/2022;1575;1580;1512;1546;1505;19
17/01/2022;1546;1556;1497;1502;1463;18
18/01/2022;1502;1521;1429;1458;1420;31
19/01/2022;1458;1502;1443;1468;1429;13
20/01/2022;1473;1541;1463;1512;1472;24
21/01/2022;1512;1526;1482;1517;1477;9
24/01/2022;1521;1521;1497;1512;1472;6
25/01/2022;1512;1512;1468;1473;1434;8
26/01/2022;1463;1487;1463;1478;1439;8
27/01/2022;1473;1517;1468;1468;1429;11
28/01/2022;1487;1507;1473;1482;1444;12
31/01/2022;1482;1565;1482;1507;1467;28
02/02/2022;1551;1551;1492;1507;1467;17
03/02/2022;1512;1604;1512;1546;1505;54
04/02/2022;1556;1556;1521;1541;1501;13
07/02/2022;1546;1619;1531;1604;1562;32
08/02/2022;1609;1653;1609;1619;1577;36
09/02/2022;1624;1643;1609;1634;1591;14
10/02/2022;1634;1673;1619;1629;1586;28
11/02/2022;1629;1639;1590;1629;1586;9
14/02/2022;1629;1639;1570;1575;1534;16
15/02/2022;1575;1619;1565;1609;1567;11
16/02/2022;1609;1639;1600;1614;1572;19
17/02/2022;1614;1624;1590;1600;1558;6
18/02/2022;1600;1673;1595;1658;1615;34
21/02/2022;1658;1731;1658;1712;1667;49
22/02/2022;1712;1712;1663;1682;1638;30
23/02/2022;1682;1707;1678;1687;1643;16
24/02/2022;1692;1692;1570;1575;1534;49
25/02/2022;1570;1639;1541;1624;1581;22
01/03/2022;1624;1775;1624;1751;1705;99
02/03/2022;1751;1780;1697;1731;1686;62
04/03/2022;1731;1751;1692;1697;1653;19
07/03/2022;1702;1702;1629;1643;1600;24
08/03/2022;1600;1673;1600;1609;1567;20
09/03/2022;1614;1663;1604;1648;1605;12
10/03/2022;1653;1673;1639;1658;1615;12
11/03/2022;1658;1658;1624;1629;1586;10
14/03/2022;1629;1653;1629;1643;1600;9
15/03/2022;1643;1668;1624;1624;1581;19
16/03/2022;1629;1643;1609;1614;1572;11
17/03/2022;1614;1634;1600;1604;1562;17
18/03/2022;1604;1609;1575;1575;1534;16
21/03/2022;1653;1653;1570;1575;1534;10
22/03/2022;1604;1604;1575;1590;1548;5
23/03/2022;1604;1604;1575;1580;1539;10
24/03/2022;1502;1590;1502;1580;1539;9
25/03/2022;1473;1585;1473;1570;1529;7
28/03/2022;1595;1595;1570;1575;1534;5
29/03/2022;1609;1609;1570;1575;1534;5
30/03/2022;1575;1590;1565;1580;1539;9
31/03/2022;1580;1585;1565;1565;1524;6
01/04/2022;1565;1580;1565;1565;1524;6
04/04/2022;1565;1575;1541;1546;1505;11
05/04/2022;1634;1634;1531;1531;1491;11
06/04/2022;1531;1536;1473;1473;1434;30
07/04/2022;1512;1512;1473;1487;1448;10
08/04/2022;1487;1507;1487;1487;1448;6
11/04/2022;1487;1497;1463;1478;1439;18
12/04/2022;1512;1512;1463;1468;1429;12
13/04/2022;1468;1487;1468;1468;1429;7
14/04/2022;1468;1536;1468;1521;1482;21
18/04/2022;1521;1580;1497;1575;1534;24
19/04/2022;1634;1634;1536;1536;1496;15
20/04/2022;1536;1541;1507;1517;1477;24
21/04/2022;1526;1536;1517;1521;1482;8
22/04/2022;1521;1521;1487;1497;1458;6
25/04/2022;1473;1492;1468;1473;1434;10
26/04/2022;1473;1492;1473;1492;1453;6
27/04/2022;1492;1507;1482;1492;1453;5
28/04/2022;1512;1546;1497;1541;1501;17
09/05/2022;1541;1565;1478;1482;1444;17
10/05/2022;1482;1482;1443;1482;1444;22
11/05/2022;1487;1497;1473;1478;1439;10
12/05/2022;1482;1482;1375;1375;1339;23
13/05/2022;1375;1409;1307;1400;1363;17
17/05/2022;1404;1434;1400;1409;1372;8
18/05/2022;1434;1434;1404;1409;1372;5
19/05/2022;1414;1414;1380;1380;1344;7
20/05/2022;1380;1414;1380;1404;1368;5
23/05/2022;1404;1414;1380;1380;1344;5
24/05/2022;1380;1404;1375;1385;1349;6
25/05/2022;1385;1400;1380;1380;1344;5
27/05/2022;1385;1458;1385;1424;1387;15
30/05/2022;1439;1439;1395;1400;1363;9
31/05/2022;1419;1424;1400;1404;1368;8
02/06/2022;1404;1429;1404;1414;1377;9
03/06/2022;1414;1492;1414;1453;1415;27
06/06/2022;1463;1473;1434;1448;1410;10
07/06/2022;1458;1463;1419;1424;1387;7
08/06/2022;1424;1429;1414;1424;1404;5
09/06/2022;1424;1439;1414;1419;1400;6
10/06/2022;1419;1419;1385;1409;1390;10
13/06/2022;1400;1400;1375;1385;1366;7
14/06/2022;1380;1390;1375;1380;1361;5
15/06/2022;1380;1390;1375;1380;1361;5
16/06/2022;1380;1404;1380;1385;1366;7
17/06/2022;1385;1395;1361;1361;1342;8
20/06/2022;1419;1419;1336;1351;1332;8
21/06/2022;1351;1361;1346;1356;1337;5
22/06/2022;1356;1361;1341;1351;1332;6
23/06/2022;1351;1351;1331;1341;1323;7
24/06/2022;1346;1346;1336;1341;1323;8
27/06/2022;1375;1375;1326;1326;1308;8
28/06/2022;1326;1336;1322;1322;1303;4
29/06/2022;1322;1326;1317;1317;1299;6
30/06/2022;1317;1322;1307;1307;1289;6
01/07/2022;1307;1312;1253;1253;1236;15
04/07/2022;1248;1263;1170;1175;1159;23
05/07/2022;1175;1200;1170;1175;1159;9
06/07/2022;1175;1190;1170;1180;1164;6
07/07/2022;1180;1209;1180;1205;1188;5
08/07/2022;1214;1224;1205;1224;1207;4
11/07/2022;1229;1248;1224;1224;1207;3
12/07/2022;1224;1507;1205;1482;1462;148
13/07/2022;1463;1487;1380;1380;1361;54
14/07/2022;1380;1434;1336;1385;1366;27
15/07/2022;1385;1453;1380;1419;1400;42
18/07/2022;1424;1507;1424;1478;1457;59
19/07/2022;1478;1526;1468;1478;1457;38
20/07/2022;1478;1517;1478;1492;1472;20
21/07/2022;1541;1541;1473;1512;1491;27
22/07/2022;1512;1526;1502;1512;1491;13
25/07/2022;1517;1580;1512;1551;1530;35
26/07/2022;1570;1629;1565;1595;1573;48
27/07/2022;1600;1634;1580;1580;1558;58
28/07/2022;1585;1639;1585;1634;1611;43
29/07/2022;1634;1668;1595;1595;1573;40
01/08/2022;1595;1619;1595;1595;1573;14
02/08/2022;1595;1600;1517;1526;1505;29
03/08/2022;1478;1546;1478;1531;1510;11
04/08/2022;1541;1590;1541;1551;1530;18
05/08/2022;1556;1560;1541;1551;1530;9
08/08/2022;1551;1560;1517;1526;1505;12
09/08/2022;1526;1556;1482;1507;1486;18
10/08/2022;1512;1526;1502;1502;1481;7
11/08/2022;1512;1536;1512;1531;1510;9
12/08/2022;1536;1546;1512;1526;1505;7
15/08/2022;1526;1536;1507;1507;1486;7
16/08/2022;1512;1521;1487;1487;1467;7
18/08/2022;1487;1526;1487;1502;1481;11
19/08/2022;1507;1570;1507;1565;1544;35
22/08/2022;1565;1604;1521;1531;1510;33
23/08/2022;1531;1546;1502;1512;1491;16
24/08/2022;1517;1526;1487;1492;1472;15
25/08/2022;1497;1512;1473;1487;1467;11
26/08/2022;1502;1526;1492;1492;1472;14
29/08/2022;1458;1502;1424;1497;1477;14
30/08/2022;1497;1512;1482;1482;1462;8
31/08/2022;1487;1497;1478;1482;1462;5
01/09/2022;1482;1492;1478;1482;1462;3
02/09/2022;1492;1492;1473;1473;1453;6
05/09/2022;1473;1478;1463;1468;1448;6
06/09/2022;1473;1478;1468;1473;1453;5
07/09/2022;1473;1487;1463;1463;1443;9
08/09/2022;1468;1473;1463;1468;1448;5
09/09/2022;1468;1468;1448;1448;1429;10
12/09/2022;1448;1463;1443;1443;1424;7
13/09/2022;1443;1453;1434;1434;1414;12
14/09/2022;1429;1439;1419;1429;1409;12
15/09/2022;1434;1512;1434;1492;1472;32
16/09/2022;1497;1521;1473;1497;1477;23
19/09/2022;1497;1502;1473;1487;1467;8
20/09/2022;1497;1502;1478;1492;1472;7
21/09/2022;1497;1497;1468;1478;1457;8
22/09/2022;1478;1497;1468;1492;1472;11
23/09/2022;1502;1556;1497;1536;1515;51
26/09/2022;1541;1551;1502;1521;1501;25
27/09/2022;1517;1531;1482;1512;1491;11
28/09/2022;1502;1507;1482;1497;1477;9
29/09/2022;1502;1521;1468;1468;1448;11
30/09/2022;1458;1463;1365;1434;1414;23
03/10/2022;1434;1478;1434;1463;1443;14
04/10/2022;1473;1482;1448;1453;1433;7
05/10/2022;1453;1468;1453;1453;1433;4
06/10/2022;1453;1482;1448;1453;1433;8
07/10/2022;1453;1453;1419;1424;1404;10
10/10/2022;1424;1424;1404;1409;1390;6
11/10/2022;1409;1419;1375;1380;1361;10
12/10/2022;1380;1380;1326;1341;1323;14
13/10/2022;1336;1341;1307;1312;1294;9
14/10/2022;1317;1341;1273;1278;1260;13
17/10/2022;1278;1287;1234;1263;1246;10
18/10/2022;1268;1292;1268;1283;1265;11
19/10/2022;1283;1326;1258;1268;1251;15
20/10/2022;1268;1307;1263;1268;1251;12
21/10/2022;1283;1356;1273;1312;1294;22
24/10/2022;1326;1375;1326;1361;1342;18
25/10/2022;1365;1400;1356;1361;1342;16
26/10/2022;1361;1361;1326;1341;1323;7
27/10/2022;1346;1370;1346;1346;1327;6
28/10/2022;1365;1409;1356;1361;1342;16
31/10/2022;1365;1380;1361;1365;1347;7
01/11/2022;1370;1400;1370;1370;1352;14
02/11/2022;1375;1404;1375;1390;1371;13
03/11/2022;1395;1395;1341;1356;1337;17
04/11/2022;1356;1365;1341;1361;1342;9
07/11/2022;1365;1365;1346;1351;1332;9
08/11/2022;1356;1361;1341;1341;1323;5
09/11/2022;1341;1346;1331;1341;1323;7
10/11/2022;1341;1341;1322;1341;1323;6
11/11/2022;1346;1365;1336;1341;1323;7
14/11/2022;1346;1356;1336;1346;1327;8
15/11/2022;1341;1351;1336;1341;1323;4
16/11/2022;1341;1346;1322;1326;1308;5
17/11/2022;1326;1331;1317;1326;1308;5
18/11/2022;1322;1346;1317;1322;1303;7
21/11/2022;1341;1341;1326;1326;1308;2
22/11/2022;1326;1331;1322;1326;1308;3
23/11/2022;1326;1346;1326;1346;1327;6
24/11/2022;1351;1365;1351;1351;1332;4
25/11/2022;1365;1365;1331;1336;1318;3
28/11/2022;1331;1336;1317;1326;1308;5
29/11/2022;1322;1326;1292;1297;1279;7
30/11/2022;1297;1312;1297;1302;1284;5
01/12/2022;1302;1307;1287;1292;1275;5
02/12/2022;1292;1297;1278;1287;1270;5
05/12/2022;1287;1302;1278;1278;1260;4
06/12/2022;1278;1278;1253;1263;1246;6
07/12/2022;1263;1268;1239;1239;1222;4
08/12/2022;1219;1258;1156;1234;1217;24
09/12/2022;1229;1239;1195;1200;1183;8
12/12/2022;1200;1219;1175;1214;1198;8
13/12/2022;1214;1263;1214;1263;1246;24
14/12/2022;1285;1285;1200;1215;1198;21
15/12/2022;1215;1230;1200;1210;1193;7
16/12/2022;1205;1220;1200;1200;1184;16
19/12/2022;1200;1200;1120;1120;1105;36
20/12/2022;1120;1140;1095;1100;1085;29
21/12/2022;1100;1200;1100;1150;1134;63
22/12/2022;1155;1240;1145;1220;1203;71
23/12/2022;1220;1265;1205;1215;1198;64
26/12/2022;1220;1355;1220;1310;1292;79
27/12/2022;1320;1365;1255;1280;1262;57
28/12/2022;1280;1310;1255;1270;1253;34
29/12/2022;1280;1300;1260;1290;1272;20
30/12/2022;1295;1310;1270;1290;1272;19
02/01/2023;1300;1305;1265;1285;1267;11
03/01/2023;1285;1395;1280;1395;1376;70
04/01/2023;1390;1425;1385;1385;1366;58
05/01/2023;1385;1390;1330;1335;1317;36
06/01/2023;1330;1415;1320;1390;1371;44
09/01/2023;1400;1405;1350;1365;1346;29
10/01/2023;1365;1370;1305;1325;1307;19
11/01/2023;1325;1340;1285;1335;1317;22
12/01/2023;1340;1365;1320;1330;1312;28
13/01/2023;1335;1345;1310;1320;1302;9
16/01/2023;1320;1350;1310;1330;1312;14
17/01/2023;1335;1380;1330;1350;1332;22
18/01/2023;1355;1365;1335;1350;1332;9
19/01/2023;1350;1355;1335;1340;1322;9
20/01/2023;1340;1395;1335;1385;1366;43
24/01/2023;1385;1390;1350;1375;1356;26
25/01/2023;1375;1385;1360;1375;1356;14
26/01/2023;1375;1445;1375;1420;1401;99
27/01/2023;1420;1425;1390;1390;1371;55
30/01/2023;1390;1415;1360;1380;1361;45
31/01/2023;1390;1395;1330;1335;1317;36
01/02/2023;1340;1365;1340;1345;1327;32
02/02/2023;1360;1370;1345;1350;1332;21
03/02/2023;1350;1375;1345;1360;1341;23
06/02/2023;1360;1365;1300;1315;1297;33
07/02/2023;1315;1335;1315;1330;1312;16
08/02/2023;1335;1350;1335;1335;1317;11
09/02/2023;1335;1345;1315;1315;1297;13
10/02/2023;1315;1330;1310;1325;1307;24
13/02/2023;1325;1370;1325;1365;1346;34
14/02/2023;1370;1395;1365;1390;1371;34
15/02/2023;1390;1610;1370;1610;1588;253
16/02/2023;1610;1705;1600;1625;1603;234
17/02/2023;1625;1735;1585;1715;1692;204
20/02/2023;1720;1735;1660;1705;1682;102
21/02/2023;1705;1745;1685;1700;1677;75
22/02/2023;1690;1720;1585;1585;1563;115
23/02/2023;1560;1630;1480;1625;1603;178
24/02/2023;1625;1640;1595;1630;1608;65
27/02/2023;1625;1625;1520;1520;1499;75
28/02/2023;1500;1540;1445;1520;1499;123
01/03/2023;1520;1595;1515;1595;1573;59
02/03/2023;1595;1625;1555;1565;1544;40
03/03/2023;1570;1590;1550;1565;1544;21
06/03/2023;1580;1585;1530;1565;1544;28
07/03/2023;1565;1605;1555;1595;1573;55
08/03/2023;1600;1605;1550;1555;1534;27
09/03/2023;1560;1600;1555;1595;1573;25
10/03/2023;1590;1590;1555;1565;1544;15
13/03/2023;1555;1585;1535;1580;1558;19
14/03/2023;1580;1580;1490;1515;1494;55
15/03/2023;1525;1545;1505;1520;1499;16
16/03/2023;1525;1580;1495;1580;1558;44
17/03/2023;1590;1635;1565;1630;1608;60
20/03/2023;1630;1645;1560;1565;1544;30
21/03/2023;1575;1595;1570;1580;1558;10
24/03/2023;1580;1650;1575;1610;1588;36
27/03/2023;1615;1620;1590;1610;1588;18
28/03/2023;1615;1640;1610;1630;1608;29
29/03/2023;1635;1710;1635;1700;1677;98
30/03/2023;1700;1705;1640;1640;1618;43
31/03/2023;1650;1700;1650;1680;1657;43
03/04/2023;1690;1695;1655;1695;1672;30
04/04/2023;1700;1705;1660;1670;1647;18
05/04/2023;1680;1765;1670;1750;1726;103
06/04/2023;1750;1820;1735;1810;1785;89
10/04/2023;1810;1810;1755;1805;1780;40
11/04/2023;1805;1810;1770;1780;1756;29
12/04/2023;1780;1785;1735;1775;1751;24
13/04/2023;1770;1775;1715;1720;1696;27
14/04/2023;1730;1810;1730;1785;1761;62
17/04/2023;1785;1795;1735;1735;1711;22
18/04/2023;1745;1760;1705;1730;1706;33
26/04/2023;1730;1740;1690;1705;1682;22
27/04/2023;1715;1740;1665;1675;1652;38
28/04/2023;1680;1730;1680;1730;1706;33
02/05/2023;1730;1730;1680;1685;1662;19
03/05/2023;1690;1720;1690;1715;1692;24
04/05/2023;1720;1765;1710;1750;1726;48
05/05/2023;1750;1775;1730;1750;1726;46
08/05/2023;1750;1770;1750;1755;1731;22
09/05/2023;1750;1760;1735;1750;1726;24
10/05/2023;1750;1815;1740;1795;1770;87
11/05/2023;1795;1795;1755;1755;1731;46
12/05/2023;1760;1810;1760;1810;1785;53
15/05/2023;1765;1790;1685;1720;1696;97
16/05/2023;1720;1730;1600;1600;1578;86
17/05/2023;1530;1640;1530;1600;1578;116
19/05/2023;1615;1725;1615;1710;1687;74
22/05/2023;1710;1735;1690;1695;1672;30
23/05/2023;1695;1715;1660;1670;1647;33
24/05/2023;1670;1700;1660;1680;1657;24
25/05/2023;1685;1715;1680;1700;1677;22
26/05/2023;1700;1745;1695;1735;1711;23
29/05/2023;1740;1770;1725;1765;1741;30
30/05/2023;1765;1770;1735;1740;1716;17
31/05/2023;1740;1745;1710;1730;1715;17
05/06/2023;1730;1765;1730;1735;1720;13
06/06/2023;1735;1735;1675;1695;1681;24
07/06/2023;1695;1720;1695;1710;1696;14
08/06/2023;1680;1705;1680;1685;1671;17
09/06/2023;1690;1700;1675;1680;1666;14
12/06/2023;1680;1695;1660;1665;1651;18
13/06/2023;1665;1680;1660;1660;1646;11
14/06/2023;1660;1675;1635;1670;1656;21
15/06/2023;1675;1685;1655;1680;1666;12
16/06/2023;1685;1690;1660;1670;1656;12
19/06/2023;1675;1675;1650;1650;1636;9
20/06/2023;1650;1660;1640;1645;1631;7
21/06/2023;1645;1660;1640;1640;1626;8
22/06/2023;1645;1710;1645;1690;1676;36
23/06/2023;1705;1720;1680;1680;1666;36
26/06/2023;1680;1690;1655;1665;1651;13
27/06/2023;1670;1690;1655;1690;1676;17
03/07/2023;1690;1715;1680;1690;1676;28
04/07/2023;1690;1800;1690;1790;1775;87
05/07/2023;1785;1790;1745;1750;1735;46
06/07/2023;1750;1750;1705;1710;1696;50
07/07/2023;1710;1765;1705;1735;1720;26
10/07/2023;1735;1745;1710;1715;1701;20
11/07/2023;1720;1730;1710;1715;1701;17
12/07/2023;1720;1745;1710;1740;1725;21
13/07/2023;1740;1745;1670;1705;1691;49
14/07/2023;1710;1720;1690;1695;1681;15
17/07/2023;1695;1710;1680;1680;1666;30
18/07/2023;1680;1695;1665;1670;1656;20
20/07/2023;1670;1700;1670;1675;1661;22
21/07/2023;1680;1695;1680;1690;1676;12
24/07/2023;1695;1700;1685;1690;1676;12
25/07/2023;1690;1695;1660;1665;1651;19
26/07/2023;1665;1685;1660;1665;1651;19
27/07/2023;1670;1695;1655;1660;1646;15
28/07/2023;1660;1670;1650;1650;1636;10
31/07/2023;1650;1670;1640;1655;1641;14
01/08/2023;1660;1670;1640;1645;1631;11
02/08/2023;1645;1655;1600;1605;1591;24
03/08/2023;1605;1625;1600;1600;1587;28
04/08/2023;1610;1620;1605;1610;1596;11
07/08/2023;1610;1670;1605;1665;1651;32
08/08/2023;1670;1680;1660;1670;1656;12
09/08/2023;1670;1690;1665;1675;1661;27
10/08/2023;1675;1675;1650;1660;1646;10
11/08/2023;1665;1670;1640;1645;1631;7
14/08/2023;1645;1700;1645;1685;1671;23
15/08/2023;1690;1725;1690;1725;1710;45
16/08/2023;1725;1730;1695;1705;1691;17
18/08/2023;1700;1715;1700;1710;1696;14
21/08/2023;1710;1720;1695;1700;1686;14
22/08/2023;1705;1710;1660;1670;1656;25
23/08/2023;1670;1695;1665;1685;1671;16
24/08/2023;1685;1710;1680;1680;1666;9
25/08/2023;1680;1690;1670;1685;1671;8
28/08/2023;1685;1730;1685;1695;1681;32
29/08/2023;1700;1710;1685;1685;1671;14
30/08/2023;1690;1700;1685;1685;1671;9
31/08/2023;1685;1730;1680;1710;1696;26
01/09/2023;1710;1720;1685;1685;1671;21
04/09/2023;1685;1705;1660;1670;1656;19
05/09/2023;1670;1675;1640;1645;1631;25
06/09/2023;1650;1670;1650;1660;1646;15
07/09/2023;1660;1675;1630;1640;1626;20
08/09/2023;1665;1665;1640;1640;1626;8
11/09/2023;1640;1655;1640;1655;1641;6
12/09/2023;1655;1660;1635;1640;1626;10
13/09/2023;1645;1665;1640;1655;1641;10
14/09/2023;1665;1670;1645;1660;1646;17
15/09/2023;1660;1670;1650;1655;1641;12
18/09/2023;1655;1655;1600;1605;1591;29
19/09/2023;1615;1645;1605;1620;1606;26
20/09/2023;1635;1735;1630;1715;1701;104
21/09/2023;1720;1730;1650;1650;1636;62
22/09/2023;1650;1670;1630;1640;1626;29
25/09/2023;1640;1650;1615;1620;1606;23
26/09/2023;1620;1635;1600;1605;1591;29
27/09/2023;1615;1640;1610;1615;1601;22
29/09/2023;1620;1630;1605;1625;1611;15
02/10/2023;1625;1640;1610;1615;1601;10
03/10/2023;1615;1625;1540;1540;1527;57
04/10/2023;1540;1545;1500;1510;1497;40
05/10/2023;1510;1575;1510;1545;1532;29
06/10/2023;1560;1560;1530;1540;1527;11
09/10/2023;1540;1565;1540;1560;1547;13
10/10/2023;1560;1570;1545;1565;1552;7
11/10/2023;1570;1580;1550;1555;1542;8
12/10/2023;1560;1595;1560;1585;1572;22
13/10/2023;1585;1585;1530;1540;1527;17
16/10/2023;1530;1540;1515;1525;1512;12
17/10/2023;1530;1545;1515;1540;1527;12
18/10/2023;1540;1540;1515;1535;1522;5
19/10/2023;1535;1540;1510;1510;1497;8
20/10/2023;1510;1535;1450;1520;1507;18
23/10/2023;1520;1520;1475;1490;1477;11
24/10/2023;1495;1555;1495;1545;1532;13
25/10/2023;1545;1560;1515;1525;1512;9
26/10/2023;1525;1530;1495;1515;1502;8
27/10/2023;1515;1535;1505;1530;1517;4
30/10/2023;1530;1535;1510;1510;1497;9
31/10/2023;1515;1535;1485;1500;1487;10
01/11/2023;1505;1515;1485;1490;1477;9
02/11/2023;1505;1525;1490;1500;1487;13
03/11/2023;1520;1520;1495;1505;1492;8
06/11/2023;1510;1530;1505;1520;1507;7
07/11/2023;1520;1525;1480;1500;1487;18
08/11/2023;1500;1500;1455;1465;1453;17
09/11/2023;1470;1485;1460;1475;1463;6
10/11/2023;1480;1490;1460;1465;1453;4
13/11/2023;1465;1475;1455;1460;1448;6
14/11/2023;1465;1485;1465;1480;1468;4
15/11/2023;1500;1550;1500;1535;1522;21
16/11/2023;1535;1550;1520;1545;1532;14
17/11/2023;1545;1620;1540;1605;1591;54
20/11/2023;1605;1660;1595;1635;1621;43
21/11/2023;1635;1650;1615;1640;1626;14
22/11/2023;1640;1640;1610;1615;1601;8
23/11/2023;1615;1645;1615;1625;1611;13
24/11/2023;1630;1680;1630;1655;1641;46
27/11/2023;1655;1685;1640;1645;1631;19
28/11/2023;1645;1690;1640;1660;1646;46
29/11/2023;1665;1670;1635;1645;1631;7
30/11/2023;1645;1670;1645;1655;1641;22
01/12/2023;1650;1690;1650;1675;1661;27
04/12/2023;1675;1715;1675;1700;1686;38
05/12/2023;1700;1725;1690;1715;1701;42
06/12/2023;1715;1780;1710;1740;1725;52
07/12/2023;1740;1740;1660;1685;1671;30
08/12/2023;1680;1700;1645;1685;1671;12
11/12/2023;1690;1690;1650;1670;1656;8
12/12/2023;1670;1715;1615;1640;1626;30
13/12/2023;1645;1660;1635;1645;1631;9
14/12/2023;1660;1730;1655;1705;1691;25
15/12/2023;1710;1715;1700;1700;1686;12
18/12/2023;1690;1705;1670;1695;1681;13
19/12/2023;1700;1710;1690;1705;1691;6
20/12/2023;1710;1765;1710;1755;1740;39
21/12/2023;1765;1765;1680;1690;1676;25
22/12/2023;1690;1725;1685;1695;1681;9
27/12/2023;1695;1705;1685;1695;1681;11
28/12/2023;1695;1745;1685;1740;1725;23
29/12/2023;1735;1745;1710;1740;1725;21
02/01/2024;1740;1745;1710;1740;1725;13
03/01/2024;1735;1830;1730;1800;1785;77
04/01/2024;1795;1895;1780;1895;1879;81
05/01/2024;1895;1955;1885;1900;1884;91
08/01/2024;1900;2010;1900;1925;1909;107
09/01/2024;1940;1975;1905;1960;1943;41
10/01/2024;1960;1970;1905;1935;1919;46
11/01/2024;1940;2050;1940;1970;1953;64
12/01/2024;1970;2010;1960;1980;1963;36
15/01/2024;1980;1985;1930;1945;1929;30
16/01/2024;1945;1950;1915;1930;1914;30
17/01/2024;1930;1965;1920;1950;1934;50
18/01/2024;1950;2030;1950;2010;1993;66
19/01/2024;2030;2040;1995;2010;1993;30
22/01/2024;2020;2090;2000;2090;2072;59
23/01/2024;2100;2190;2090;2160;2142;99
24/01/2024;2160;2170;2050;2070;2053;51
25/01/2024;2070;2130;2030;2040;2023;28
26/01/2024;2040;2060;1965;1995;1978;46
29/01/2024;1995;2140;1995;2140;2122;45
30/01/2024;2140;2180;2120;2180;2162;48
31/01/2024;2180;2340;2160;2330;2310;120
01/02/2024;2330;2400;2270;2300;2281;92
02/02/2024;2310;2400;2290;2320;2300;60
05/02/2024;2320;2350;2290;2310;2291;41
06/02/2024;2310;2320;2290;2310;2291;15
07/02/2024;2310;2380;2310;2360;2340;37
12/02/2024;2370;2400;2330;2370;2350;41
13/02/2024;2370;2380;2330;2350;2330;27
15/02/2024;2400;2450;2380;2390;2370;74
16/02/2024;2390;2410;2310;2330;2310;39
19/02/2024;2330;2410;2290;2380;2360;49
20/02/2024;2400;2500;2360;2480;2459;77
21/02/2024;2480;2500;2400;2440;2419;67
22/02/2024;2450;2470;2430;2460;2439;32
23/02/2024;2470;2480;2420;2450;2429;23
26/02/2024;2450;2470;2420;2430;2410;21
27/02/2024;2420;2550;2400;2510;2489;53
28/02/2024;2530;2540;2470;2480;2459;29
29/02/2024;2490;2520;2430;2470;2449;23
01/03/2024;2470;2480;2370;2420;2400;28
04/03/2024;2420;2450;2380;2410;2390;22
05/03/2024;2410;2450;2410;2430;2410;18
06/03/2024;2430;2480;2400;2470;2449;25
07/03/2024;2500;2520;2470;2480;2459;31
08/03/2024;2500;2620;2470;2600;2578;74
13/03/2024;2610;2850;2610;2850;2826;99
14/03/2024;2870;2960;2680;2710;2687;104
15/03/2024;2720;2780;2650;2670;2647;46
18/03/2024;2670;2700;2610;2640;2618;43
19/03/2024;2650;2730;2640;2660;2638;57
20/03/2024;2690;2720;2640;2660;2638;23
21/03/2024;2690;2720;2660;2680;2657;22
22/03/2024;2680;2680;2620;2630;2608;21
25/03/2024;2680;2680;2630;2660;2638;26
26/03/2024;2680;2680;2630;2680;2657;20
27/03/2024;2690;2760;2670;2720;2697;56
28/03/2024;2740;2750;2670;2710;2687;21
01/04/2024;2710;2720;2440;2550;2529;98
02/04/2024;2550;2700;2510;2690;2667;69
03/04/2024;2690;2690;2590;2640;2618;24
04/04/2024;2660;2740;2650;2730;2707;35
05/04/2024;2730;2750;2690;2700;2677;13
16/04/2024;2590;2640;2520;2550;2529;39
17/04/2024;2570;2600;2460;2480;2459;35
18/04/2024;2510;2620;2510;2600;2578;61
19/04/2024;2560;2570;2470;2540;2519;44
22/04/2024;2540;2560;2480;2540;2519;33
23/04/2024;2550;2630;2530;2600;2578;39
24/04/2024;2620;2670;2600;2640;2618;33
25/04/2024;2640;2650;2580;2580;2558;15
26/04/2024;2580;2600;2470;2470;2449;34
29/04/2024;2480;2530;2460;2510;2489;24
30/04/2024;2520;2640;2520;2640;2618;38
02/05/2024;2640;2640;2510;2540;2519;34
03/05/2024;2550;2650;2520;2630;2608;34
06/05/2024;2670;2870;2670;2790;2766;97
07/05/2024;2790;2800;2700;2700;2677;36
08/05/2024;2700;2740;2510;2540;2519;88
13/05/2024;2540;2550;2230;2300;2281;172
14/05/2024;2310;2390;2270;2350;2330;88
15/05/2024;2350;2550;2340;2540;2519;99
16/05/2024;2580;2650;2540;2540;2519;66
17/05/2024;2550;2580;2490;2520;2499;39
20/05/2024;2530;2540;2460;2470;2449;20
21/05/2024;2470;2470;2350;2360;2340;35
22/05/2024;2380;2410;2310;2330;2310;51
27/05/2024;2330;2340;2260;2270;2251;42
28/05/2024;2280;2340;2280;2290;2271;27
29/05/2024;2290;2300;2160;2200;2181;36
30/05/2024;2200;2200;2110;2160;2160;45
31/05/2024;2170;2240;2160;2200;2200;34
