Date,Open,High,Low,Close,Adj Close,Volume
2019-05-31,512.037109,512.037109,492.530945,502.284058,489.160370,10720911
2019-06-03,502.284058,502.284058,502.284058,502.284058,489.160370,0
2019-06-04,502.284058,502.284058,502.284058,502.284058,489.160370,0
2019-06-05,502.284058,502.284058,502.284058,502.284058,489.160370,0
2019-06-06,502.284058,502.284058,502.284058,502.284058,489.160370,0
2019-06-07,502.284058,502.284058,502.284058,502.284058,489.160370,0
2019-06-10,502.284058,507.160583,502.284058,507.160583,493.909454,4193646
2019-06-11,507.160583,512.037109,502.284058,502.284058,489.160370,3993811
2019-06-12,507.160583,507.160583,497.407501,497.407501,484.411224,5565929
2019-06-13,497.407501,502.284058,492.530945,492.530945,479.662079,6557820
2019-06-14,492.530945,497.407501,487.654419,492.530945,479.662079,3346324
2019-06-17,492.530945,497.407501,485.703796,487.654419,474.912964,7278822
2019-06-18,487.654419,492.530945,485.703796,487.654419,474.912964,5094283
2019-06-19,487.654419,497.407501,487.654419,497.407501,484.411224,4529642
2019-06-20,492.530945,497.407501,487.654419,497.407501,484.411224,5052861
2019-06-21,497.407501,497.407501,487.654419,492.530945,479.662079,3203395
2019-06-24,492.530945,497.407501,487.654419,492.530945,479.662079,2496440
2019-06-25,492.530945,497.407501,492.530945,497.407501,484.411224,1191520
2019-06-26,497.407501,497.407501,485.703796,487.654419,474.912964,11660101
2019-06-27,487.654419,497.407501,487.654419,487.654419,474.912964,1802608
2019-06-28,487.654419,497.407501,487.654419,492.530945,479.662079,6778468
2019-07-01,492.530945,502.284058,492.530945,492.530945,479.662079,5069471
2019-07-02,492.530945,497.407501,492.530945,492.530945,479.662079,5156315
2019-07-03,492.530945,497.407501,487.654419,492.530945,479.662079,3582557
2019-07-04,492.530945,497.407501,492.530945,492.530945,479.662079,2665104
2019-07-05,492.530945,497.407501,487.654419,487.654419,474.912964,8599532
2019-07-08,487.654419,497.407501,487.654419,497.407501,484.411224,9057848
2019-07-09,497.407501,497.407501,487.654419,492.530945,479.662079,4273108
2019-07-10,492.530945,497.407501,487.654419,487.654419,474.912964,5293502
2019-07-11,487.654419,497.407501,487.654419,487.654419,474.912964,3676681
2019-07-12,492.530945,492.530945,487.654419,487.654419,474.912964,19275638
2019-07-15,487.654419,497.407501,487.654419,497.407501,484.411224,15618437
2019-07-16,497.407501,521.790222,497.407501,512.037109,498.658569,36686430
2019-07-17,512.037109,516.913696,497.407501,502.284058,489.160370,8762045
2019-07-18,502.284058,507.160583,497.407501,502.284058,489.160370,2403751
2019-07-19,502.284058,507.160583,497.407501,497.407501,484.411224,2282969
2019-07-22,497.407501,502.284058,492.530945,492.530945,479.662079,2231293
2019-07-23,497.407501,497.407501,492.530945,492.530945,479.662079,1978757
2019-07-24,492.530945,497.407501,487.654419,492.530945,479.662079,3612906
2019-07-25,497.407501,497.407501,492.530945,492.530945,479.662079,2783528
2019-07-26,492.530945,497.407501,487.654419,492.530945,479.662079,2788347
2019-07-29,492.530945,492.530945,485.703796,487.654419,474.912964,7415394
2019-07-30,487.654419,492.530945,487.654419,487.654419,474.912964,963182
2019-07-31,487.654419,492.530945,485.703796,492.530945,479.662079,3953311
2019-08-01,492.530945,492.530945,485.703796,485.703796,473.013275,4102700
2019-08-02,485.703796,487.654419,481.802551,483.753174,471.113617,5524711
2019-08-05,483.753174,485.703796,468.148224,472.049469,459.715729,8034788
2019-08-06,472.049469,472.049469,454.493927,468.148224,455.916412,11707368
2019-08-07,470.098846,479.851959,468.148224,468.148224,455.916412,6060746
2019-08-08,485.703796,485.703796,468.148224,470.098846,457.816071,4350621
2019-08-09,470.098846,479.851959,468.148224,470.098846,457.816071,5158161
2019-08-12,472.049469,474.000092,468.148224,470.098846,457.816071,1410219
2019-08-13,470.098846,470.098846,464.247009,464.247009,452.117126,3122190
2019-08-14,464.247009,468.148224,460.345764,462.296387,450.217468,2679561
2019-08-15,462.296387,462.296387,454.493927,456.444519,444.518524,2935685
2019-08-16,456.444519,466.197632,456.444519,462.296387,450.217468,2142398
2019-08-19,462.296387,472.049469,458.395142,460.345764,448.317810,2870372
2019-08-20,462.296387,466.197632,458.395142,458.395142,446.418152,1755751
2019-08-21,458.395142,462.296387,452.543304,454.493927,442.618896,4199182
2019-08-22,454.493927,456.444519,446.691437,446.691437,435.020264,4105571
2019-08-23,446.691437,454.493927,446.691437,454.493927,442.618896,2542681
2019-08-26,454.493927,458.395142,444.740814,446.691437,435.020264,2470191
2019-08-27,448.642059,452.543304,438.888977,440.839600,429.321320,5674510
2019-08-28,440.839600,444.740814,433.037109,433.037109,421.722717,5682815
2019-08-29,434.987732,438.888977,421.333405,421.333405,410.324799,5611043
2019-08-30,421.333405,431.086517,419.382782,423.284027,412.224457,5970826
2019-09-02,423.284027,425.234650,399.876617,399.876617,389.428650,9622798
2019-09-03,399.876617,403.777863,390.123535,395.975372,385.629303,4637710
2019-09-04,395.975372,399.876617,388.172913,394.024780,383.729645,6010814
2019-09-05,395.975372,429.135895,392.074158,417.432190,406.525513,10902802
2019-09-06,419.382782,425.234650,415.481567,415.481567,404.625854,3684166
2019-09-09,415.481567,419.382782,407.679077,409.629700,398.926880,3021914
2019-09-10,409.629700,434.987732,409.629700,427.185272,416.023743,13822903
2019-09-11,427.185272,436.938354,425.234650,427.185272,416.023743,11044194
2019-09-12,427.185272,434.987732,427.185272,427.185272,416.023743,4645502
2019-09-13,431.086517,431.086517,413.530945,415.481567,404.625854,5648057
2019-09-16,413.530945,417.432190,395.975372,397.925995,387.528961,8459166
2019-09-17,399.876617,407.679077,397.925995,403.777863,393.227936,3113065
2019-09-18,403.777863,427.185272,403.777863,423.284027,412.224457,9785618
2019-09-19,423.284027,425.234650,413.530945,417.432190,406.525513,2807315
2019-09-20,417.432190,423.284027,413.530945,419.382782,408.425140,1078940
2019-09-23,419.382782,423.284027,413.530945,413.530945,402.726196,1364593
2019-09-24,413.530945,415.481567,405.728485,409.629700,398.926880,1650964
2019-09-25,409.629700,411.580322,405.728485,405.728485,395.127594,3087124
2019-09-26,405.728485,415.481567,399.876617,401.827240,391.328278,5111099
2019-09-27,401.827240,403.777863,397.925995,397.925995,387.528961,2725393
2019-09-30,397.925995,401.827240,392.074158,394.024780,383.729645,4310327
2019-10-01,394.024780,405.728485,394.024780,397.925995,387.528961,3045907
2019-10-02,397.925995,401.827240,378.419830,380.370453,370.432098,5881931
2019-10-03,380.370453,388.172913,370.617340,388.172913,378.030701,3763218
2019-10-04,388.172913,397.925995,382.321075,397.925995,387.528961,2067037
2019-10-07,397.925995,399.876617,384.271667,386.222290,376.131042,3567177
2019-10-08,386.222290,397.925995,386.222290,394.024780,383.729645,3022222
2019-10-09,394.024780,399.876617,388.172913,388.172913,378.030701,1067559
2019-10-10,388.172913,392.074158,374.518585,380.370453,370.432098,5454272
2019-10-11,388.172913,388.172913,376.469208,382.321075,372.331757,3475514
2019-10-14,382.321075,388.172913,378.419830,378.419830,368.532440,6497429
2019-10-15,380.370453,380.370453,376.469208,378.419830,368.532440,3741173
2019-10-16,378.419830,384.271667,376.469208,380.370453,370.432098,3310028
2019-10-17,380.370453,390.123535,378.419830,384.271667,374.231415,6816097
2019-10-18,388.172913,395.975372,386.222290,392.074158,381.830017,32247836
2019-10-21,394.024780,397.925995,380.370453,382.321075,372.331757,18887453
2019-10-22,382.321075,386.222290,378.419830,380.370453,370.432098,4082399
2019-10-23,382.321075,384.271667,378.419830,380.370453,370.432098,4381586
2019-10-24,380.370453,401.827240,380.370453,392.074158,381.830017,26374722
2019-10-25,392.074158,395.975372,388.172913,388.172913,378.030701,8774451
2019-10-28,388.172913,392.074158,384.271667,384.271667,374.231415,3104144
2019-10-29,386.222290,390.123535,384.271667,384.271667,374.231415,3026733
2019-10-30,388.172913,392.074158,382.321075,382.321075,372.331757,3707338
2019-10-31,384.271667,388.172913,372.567963,376.469208,366.632813,6528086
2019-11-01,376.469208,378.419830,372.567963,374.518585,364.733154,3419532
2019-11-04,376.469208,380.370453,372.567963,376.469208,366.632813,4430391
2019-11-05,374.518585,382.321075,374.518585,378.419830,368.532440,3224414
2019-11-06,382.321075,382.321075,374.518585,374.518585,364.733154,2016797
2019-11-07,374.518585,378.419830,370.617340,374.518585,364.733154,4294844
2019-11-08,374.518585,376.469208,368.666748,370.617340,360.933807,9248250
2019-11-11,370.617340,376.469208,362.814880,364.765503,355.234894,2266153
2019-11-12,364.765503,368.666748,362.814880,364.765503,355.234894,6637692
2019-11-13,364.765503,366.716125,362.814880,364.765503,355.234894,925347
2019-11-14,366.716125,366.716125,358.913635,360.864258,351.435577,8062369
2019-11-15,358.913635,364.765503,358.913635,358.913635,349.535919,8979617
2019-11-18,358.913635,364.765503,358.913635,362.814880,353.335236,7139277
2019-11-19,362.814880,364.765503,355.012421,360.864258,351.435577,3014532
2019-11-20,360.864258,362.814880,356.963043,358.913635,349.535919,3708773
2019-11-21,360.864258,360.864258,355.012421,356.963043,347.636292,1981423
2019-11-22,356.963043,356.963043,341.358093,347.209930,338.138000,10490420
2019-11-25,347.209930,353.061798,341.358093,341.358093,332.439087,1955893
2019-11-26,321.851929,343.308716,321.851929,329.654388,321.041168,4076965
2019-11-27,327.703766,331.605011,310.148193,312.098816,303.944305,5829948
2019-11-28,312.098816,312.098816,294.543274,298.444489,290.646698,5463295
2019-11-29,298.444489,308.197601,292.592651,308.197601,300.144989,3319563
2019-12-02,308.197601,316.000061,308.197601,310.148193,302.044647,2612403
2019-12-03,310.148193,337.456848,310.148193,331.605011,322.940826,9595422
2019-12-04,331.605011,347.209930,331.605011,333.555634,324.840485,7839055
2019-12-05,341.358093,341.358093,321.851929,321.851929,313.442566,5865321
2019-12-06,321.851929,327.703766,319.901306,321.851929,313.442566,3614854
2019-12-09,321.851929,329.654388,319.901306,321.851929,313.442566,3237846
2019-12-10,321.851929,325.753143,319.901306,319.901306,311.542938,3584608
2019-12-11,321.851929,323.802521,312.098816,312.098816,303.944305,6185322
2019-12-12,314.049438,321.851929,310.148193,310.148193,302.044647,5006721
2019-12-13,314.049438,316.000061,310.148193,310.148193,302.044647,3009303
2019-12-16,310.148193,316.000061,306.246979,310.148193,302.044647,3715746
2019-12-17,310.148193,314.049438,310.148193,310.148193,302.044647,2475933
2019-12-18,310.148193,337.456848,310.148193,331.605011,322.940826,18442978
2019-12-19,331.605011,337.456848,323.802521,329.654388,321.041168,9480791
2019-12-20,329.654388,343.308716,325.753143,337.456848,328.639740,16788733
2019-12-23,335.506226,339.407471,333.555634,333.555634,324.840485,5113457
2019-12-26,333.555634,335.506226,325.753143,329.654388,321.041168,2336490
2019-12-27,331.605011,331.605011,319.901306,325.753143,317.241852,3759937
2019-12-30,325.753143,331.605011,321.851929,321.851929,313.442566,2972391
2020-01-02,321.851929,327.703766,321.851929,323.802521,315.342194,1493270
2020-01-03,325.753143,327.703766,317.950684,319.901306,311.542938,5115917
2020-01-06,319.901306,325.753143,312.098816,316.000061,307.743622,7113541
2020-01-07,316.000061,316.000061,308.197601,310.148193,302.044647,6479383
2020-01-08,310.148193,310.148193,304.296356,304.296356,296.345673,4161553
2020-01-09,304.296356,314.049438,302.345734,310.148193,302.044647,5053168
2020-01-10,310.148193,316.000061,306.246979,306.246979,298.245331,6331327
2020-01-13,308.197601,316.000061,306.246979,312.098816,303.944305,11107456
2020-01-14,314.049438,317.950684,310.148193,312.098816,303.944305,7575446
2020-01-15,312.098816,314.049438,308.197601,312.098816,303.944305,18503677
2020-01-16,312.098816,314.049438,308.197601,312.098816,303.944305,11672405
2020-01-17,312.098816,312.098816,308.197601,310.148193,302.044647,2375145
2020-01-20,312.098816,316.000061,310.148193,316.000061,307.743622,17468928
2020-01-21,316.000061,316.000061,308.197601,312.098816,303.944305,5808826
2020-01-22,312.098816,316.000061,308.197601,308.197601,300.144989,11170000
2020-01-23,310.148193,310.148193,302.345734,302.345734,294.446014,17237206
2020-01-24,300.395111,306.246979,300.395111,304.296356,296.345673,4808938
2020-01-27,308.197601,308.197601,300.395111,302.345734,294.446014,8777117
2020-01-28,294.543274,306.246979,294.543274,306.246979,298.245331,1841570
2020-01-29,308.197601,316.000061,308.197601,312.098816,303.944305,9953052
2020-01-30,312.098816,314.049438,306.246979,306.246979,298.245331,1907088
2020-01-31,306.246979,308.197601,300.395111,302.345734,294.446014,2749590
2020-02-03,302.345734,302.345734,296.493896,298.444489,290.646698,4209128
2020-02-04,298.444489,304.296356,298.444489,302.345734,294.446014,1977117
2020-02-05,304.296356,306.246979,302.345734,304.296356,296.345673,1137690
2020-02-06,306.246979,310.148193,304.296356,308.197601,300.144989,2257028
2020-02-07,308.197601,317.950684,308.197601,316.000061,307.743622,3568510
2020-02-10,316.000061,316.000061,306.246979,308.197601,300.144989,2711141
2020-02-11,308.197601,316.000061,306.246979,308.197601,300.144989,2205250
2020-02-12,308.197601,312.098816,304.296356,304.296356,296.345673,1176037
2020-02-13,304.296356,304.296356,290.642029,298.444489,290.646698,4533538
2020-02-14,298.444489,298.444489,290.642029,294.543274,286.847443,4566245
2020-02-17,294.543274,300.395111,292.592651,296.493896,288.747070,2121891
2020-02-18,296.493896,298.444489,294.543274,296.493896,288.747070,2553345
2020-02-19,300.395111,300.395111,294.543274,296.493896,288.747070,2718933
2020-02-20,294.543274,300.395111,294.543274,296.493896,288.747070,873159
2020-02-21,296.493896,296.493896,288.691406,292.592651,284.947784,2504745
2020-02-24,292.592651,292.592651,280.888947,280.888947,273.549835,9215439
2020-02-25,278.938324,278.938324,269.185242,271.135864,264.051636,2578567
2020-02-26,271.135864,271.135864,251.629684,257.481537,250.754044,8355097
2020-02-27,251.629684,257.481537,243.827209,245.777832,239.356140,3841552
2020-02-28,226.271652,241.876587,197.012390,214.567947,208.961700,14395235
2020-03-02,218.469177,218.469177,195.061768,200.913620,195.664139,9965151
2020-03-03,200.913620,210.666702,195.061768,195.061768,189.965179,16858044
2020-03-04,197.012390,206.765472,193.111145,198.962997,193.764481,43078457
2020-03-05,202.864243,247.728439,198.962997,247.728439,241.255783,53625270
2020-03-06,253.580292,267.234619,237.975357,243.827209,237.456482,61517540
2020-03-09,224.321030,243.827209,208.716095,208.716095,203.262756,17860599
2020-03-10,208.716095,255.530914,204.814850,243.827209,237.456482,43835653
2020-03-11,237.975357,259.432159,222.370407,230.172882,224.158905,34526089
2020-03-12,230.172882,230.172882,208.716095,208.716095,203.262756,13086726
2020-03-13,208.716095,214.567947,195.061768,206.765472,201.363098,13520948
2020-03-16,206.765472,206.765472,193.111145,193.111145,188.065521,12098731
2020-03-17,190.185226,193.111145,180.432129,180.432129,175.717789,5437354
2020-03-18,180.432129,180.432129,168.728424,168.728424,164.319870,8798751
2020-03-19,157.024719,165.802505,157.024719,157.024719,152.921967,681527
2020-03-20,157.024719,158.975342,146.296326,151.172867,147.223007,12921343
2020-03-23,151.172867,151.172867,141.419785,141.419785,137.724762,2567904
2020-03-24,132.641998,155.074097,131.666687,131.666687,128.226501,19132401
2020-03-26,132.641998,166.777817,131.666687,156.049408,151.972153,28821640
2020-03-27,159.950653,208.716095,159.950653,193.111145,188.065521,45981743
2020-03-30,189.209915,212.617325,180.432129,183.358063,178.567276,23019990
2020-03-31,185.308670,204.814850,185.308670,191.160522,186.165863,15765160
2020-04-01,191.160522,198.962997,179.456818,180.432129,175.717789,12342552
2020-04-02,180.432129,188.234604,177.506210,184.333374,179.517105,7952660
2020-04-03,190.185226,193.111145,185.308670,188.234604,183.316406,12807327
2020-04-06,191.160522,204.814850,191.160522,198.962997,193.764481,28827689
2020-04-07,204.814850,216.518555,192.135834,197.012390,191.864822,23799025
2020-04-08,198.962997,202.864243,185.308670,186.283981,181.416733,10486832
2020-04-09,190.185226,193.111145,184.333374,188.234604,183.316406,6282215
2020-04-13,187.259293,206.765472,187.259293,195.061768,189.965179,28389469
2020-04-14,197.012390,206.765472,195.061768,197.012390,191.864822,26919268
2020-04-15,198.962997,202.864243,191.160522,192.135834,187.115707,12153278
2020-04-16,193.111145,195.061768,185.308670,189.209915,184.266220,7472812
2020-04-17,190.185226,198.962997,189.209915,197.012390,191.864822,14721490
2020-04-20,198.962997,198.962997,191.160522,191.160522,186.165863,8400621
2020-04-21,191.160522,193.111145,184.333374,187.259293,182.366577,7791378
2020-04-22,187.259293,191.160522,180.432129,190.185226,185.216049,7401655
2020-04-23,193.111145,197.012390,189.209915,189.209915,184.266220,6984351
2020-04-24,188.234604,191.160522,184.333374,184.333374,179.517105,6293493
2020-04-27,189.209915,189.209915,185.308670,189.209915,184.266220,4154273
2020-04-28,190.185226,193.111145,184.333374,185.308670,180.466904,4028057
2020-04-29,185.308670,187.259293,185.308670,186.283981,181.416733,2566058
2020-04-30,186.283981,194.086456,186.283981,191.160522,186.165863,12748167
2020-05-04,191.160522,206.765472,183.358063,197.012390,191.864822,23590168
2020-05-05,200.913620,245.777832,200.913620,245.777832,239.356140,205918980
2020-05-06,253.580292,294.543274,241.876587,249.679062,243.155441,259853794
2020-05-08,263.333374,263.333374,241.876587,241.876587,235.556808,76074775
2020-05-11,243.827209,255.530914,239.925980,241.876587,235.556808,27048458
2020-05-12,241.876587,243.827209,226.271652,226.271652,220.359604,29957690
2020-05-13,224.321030,275.037079,218.469177,273.086487,265.951263,189241903
2020-05-14,276.987701,286.740784,255.530914,255.530914,248.854401,147295293
2020-05-15,255.530914,265.283997,239.925980,245.777832,239.356140,55575524
2020-05-18,247.728439,273.086487,239.925980,265.283997,258.352631,122286291
2020-05-19,269.185242,321.851929,265.283997,280.888947,273.549835,410075852
2020-05-20,280.888947,298.444489,276.987701,280.888947,273.549835,192183228
2020-05-26,282.839569,292.592651,280.888947,282.839569,275.449524,52084220
2020-05-27,284.790192,306.246979,280.888947,300.395111,292.546356,145035906
2020-05-28,302.345734,310.148193,290.642029,294.543274,286.847443,73913818
2020-05-29,292.592651,300.395111,290.642029,292.592651,284.947784,38649193
2020-06-02,292.592651,319.901306,292.592651,312.098816,303.944305,125337222
2020-06-03,317.950684,325.753143,304.296356,312.098816,303.944305,110706677
2020-06-04,312.098816,317.950684,304.296356,306.246979,298.245331,41931333
2020-06-05,308.197601,316.000061,296.493896,312.098816,303.944305,45589149
2020-06-08,316.000061,327.703766,314.049438,319.901306,311.542938,88666581
2020-06-09,321.851929,325.753143,306.246979,306.246979,298.245331,43487968
2020-06-10,308.197601,308.197601,290.642029,294.543274,286.847443,42155980
2020-06-11,296.493896,300.395111,280.888947,286.740784,279.248810,24747648
2020-06-12,284.790192,306.246979,267.234619,304.296356,296.345673,94161764
2020-06-15,304.296356,310.148193,294.543274,294.543274,286.847443,27802578
2020-06-16,298.444489,314.049438,298.444489,310.148193,302.044647,74953694
2020-06-17,314.049438,317.950684,308.197601,310.148193,302.044647,37663044
2020-06-18,308.197601,314.049438,308.197601,308.197601,300.144989,30989876
2020-06-19,308.197601,314.049438,306.246979,308.197601,300.144989,11476980
2020-06-22,308.197601,310.148193,292.592651,300.395111,292.546356,18440620
2020-06-23,300.395111,302.345734,296.493896,298.444489,290.646698,12963278
2020-06-24,298.444489,312.098816,298.444489,306.246979,298.245331,32079479
2020-06-25,306.246979,306.246979,300.395111,302.345734,294.446014,8124503
2020-06-26,304.296356,308.197601,300.395111,300.395111,292.546356,7537099
2020-06-29,300.395111,302.345734,296.493896,298.444489,290.646698,7365461
2020-06-30,302.345734,304.296356,298.444489,300.395111,292.546356,6022400
2020-07-01,304.296356,304.296356,298.444489,298.444489,290.646698,5381474
2020-07-02,300.395111,302.345734,296.493896,298.444489,290.646698,11023482
2020-07-03,300.395111,314.049438,300.395111,310.148193,302.044647,81346541
2020-07-06,314.049438,386.222290,314.049438,386.222290,376.131042,556529873
2020-07-07,397.925995,464.247009,390.123535,440.839600,429.321320,1352035128
2020-07-08,440.839600,458.395142,421.333405,429.135895,417.923401,370294914
2020-07-09,429.135895,438.888977,421.333405,427.185272,416.023743,108720024
2020-07-10,429.135895,492.530945,423.284027,462.296387,450.217468,969150458
2020-07-13,470.098846,483.753174,466.197632,470.098846,457.816071,205652603
2020-07-14,472.049469,502.284058,462.296387,477.901337,465.414703,413753969
2020-07-15,479.851959,487.654419,472.049469,477.901337,465.414703,135942376
2020-07-16,483.753174,487.654419,475.950714,479.851959,467.314362,182832241
2020-07-17,479.851959,483.753174,474.000092,475.950714,463.515045,57171737
2020-07-20,475.950714,477.901337,460.345764,462.296387,450.217468,69668291
2020-07-21,462.296387,475.950714,462.296387,472.049469,459.715729,61061684
2020-07-22,474.000092,475.950714,462.296387,468.148224,455.916412,62657691
2020-07-23,474.000092,497.407501,470.098846,481.802551,469.213989,242670313
2020-07-24,477.901337,483.753174,470.098846,472.049469,459.715729,65681246
2020-07-27,474.000092,475.950714,464.247009,468.148224,455.916412,52925082
2020-07-28,468.148224,585.185303,466.197632,575.432190,560.397278,798103611
2020-07-29,580.308777,599.814941,536.419861,536.419861,522.404236,397668295
2020-07-30,536.419861,565.679138,507.160583,526.666748,512.906006,295039059
2020-08-03,526.666748,546.172974,492.530945,502.284058,489.160370,166059400
2020-08-04,502.284058,541.296387,502.284058,521.790222,508.156860,172719240
2020-08-05,526.666748,555.926025,507.160583,536.419861,522.404236,213477099
2020-08-06,541.296387,560.802551,531.543335,541.296387,527.153381,150080974
2020-08-07,551.049500,551.049500,531.543335,536.419861,522.404236,73602225
2020-08-10,536.419861,555.926025,536.419861,546.172974,531.902527,112426747
2020-08-11,551.049500,575.432190,551.049500,555.926025,541.400757,123906188
2020-08-12,555.926025,619.321106,546.172974,575.432190,560.397278,721295735
2020-08-13,590.061829,614.444580,565.679138,570.555664,555.648132,154001476
2020-08-14,570.555664,585.185303,565.679138,570.555664,555.648132,57044085
2020-08-18,575.432190,604.691467,570.555664,590.061829,574.644653,190680115
2020-08-19,590.061829,609.567993,585.185303,590.061829,574.644653,101298785
2020-08-24,590.061829,731.481628,590.061829,711.975464,693.372986,872568435
2020-08-25,726.605103,726.605103,682.716187,702.222351,683.874695,259191952
2020-08-26,702.222351,868.024841,692.469299,843.642151,821.599426,821117347
2020-08-27,853.395203,989.938477,848.518677,926.543396,902.334595,659936196
2020-08-28,931.419922,975.308838,916.790283,941.173035,916.582092,180310168
2020-08-31,950.926086,994.815002,911.913757,941.173035,916.582092,336668642
2020-09-01,946.049561,965.555725,926.543396,950.926086,926.080261,132551655
2020-09-02,960.679199,965.555725,946.049561,946.049561,921.331116,71174071
2020-09-03,955.802673,955.802673,916.790283,931.419922,907.083740,78346055
2020-09-04,936.296448,965.555725,887.531006,960.679199,935.578552,156517295
2020-09-07,960.679199,975.308838,926.543396,946.049561,921.331116,142067205
2020-09-08,946.049561,955.802673,931.419922,936.296448,911.832825,41592671
2020-09-09,931.419922,931.419922,872.901428,887.531006,864.341614,153291445
2020-09-10,877.777954,887.531006,829.012512,829.012512,807.351990,131542846
2020-09-11,790.000122,868.024841,775.370544,838.765564,816.850281,502658116
2020-09-14,858.271790,907.037231,853.395203,897.284119,873.839844,272580737
2020-09-15,907.037231,921.666870,863.148315,877.777954,854.843323,203094131
2020-09-16,887.531006,887.531006,829.012512,853.395203,831.097717,120239760
2020-09-17,858.271790,868.024841,829.012512,833.889038,812.101135,73718906
2020-09-18,833.889038,868.024841,829.012512,848.518677,826.348511,102038858
2020-09-21,858.271790,858.271790,799.753235,804.629761,783.606384,110771374
2020-09-22,770.493958,794.876709,750.987793,750.987793,731.365967,242620380
2020-09-23,770.493958,785.123596,702.222351,731.481628,712.369446,300417458
2020-09-24,721.728516,721.728516,692.469299,707.098877,688.623718,157672621
2020-09-25,716.851990,765.617432,692.469299,750.987793,731.365967,409378842
2020-09-28,765.617432,780.247070,731.481628,736.358154,717.118591,140617408
2020-09-29,746.111267,760.740906,711.975464,721.728516,702.871155,135952116
2020-09-30,731.481628,741.234741,707.098877,731.481628,712.369446,112003087
2020-10-01,741.234741,775.370544,736.358154,775.370544,755.111572,191995493
2020-10-02,780.247070,785.123596,736.358154,755.864319,736.115051,204777188
2020-10-05,770.493958,819.259399,750.987793,819.259399,797.853760,280411795
2020-10-06,838.765564,858.271790,824.135986,824.135986,802.602905,262462301
2020-10-07,814.382874,838.765564,804.629761,829.012512,807.351990,130237721
2020-10-08,833.889038,853.395203,824.135986,838.765564,816.850281,140317093
2020-10-09,843.642151,848.518677,829.012512,833.889038,812.101135,77201597
2020-10-12,848.518677,887.531006,838.765564,877.777954,854.843323,308998330
2020-10-13,897.284119,1097.222412,897.284119,1097.222412,1068.554199,938667190
2020-10-14,1175.247192,1370.308960,1170.370605,1370.308960,1334.505371,264093271
2020-10-15,1560.494141,1648.271973,1277.654541,1277.654541,1244.271851,300238848
2020-10-16,1219.135986,1365.432373,1189.876831,1360.555786,1325.007080,609513193
2020-10-19,1404.444702,1462.963257,1321.543457,1365.432373,1329.756348,427776707
2020-10-20,1370.308960,1516.605225,1321.543457,1462.963257,1424.738892,792204864
2020-10-21,1511.728638,1511.728638,1360.555786,1360.555786,1325.007080,571251364
2020-10-22,1360.555786,1360.555786,1267.901489,1267.901489,1234.773682,35784665
2020-10-23,1180.123657,1326.420044,1180.123657,1180.123657,1149.289307,730433251
2020-10-26,1165.494019,1272.778076,1165.494019,1219.135986,1187.282349,223631523
2020-10-27,1219.135986,1272.778076,1189.876831,1204.506348,1173.034912,214024720
2020-11-02,1214.259521,1224.012573,1150.864380,1180.123657,1149.289307,76530220
2020-11-03,1189.876831,1209.382935,1150.864380,1150.864380,1120.794556,81538070
2020-11-04,1160.617554,1189.876831,1121.605103,1141.111328,1111.296265,159500965
2020-11-05,1150.864380,1248.395264,1150.864380,1233.765625,1201.529785,332941823
2020-11-06,1238.642212,1263.024902,1194.753296,1199.629883,1168.285889,176942825
2020-11-09,1219.135986,1233.765625,1185.000244,1189.876831,1158.787720,76207348
2020-11-10,1209.382935,1214.259521,1180.123657,1199.629883,1168.285889,75052329
2020-11-11,1233.765625,1311.790405,1204.506348,1243.518799,1211.028076,405032424
2020-11-12,1248.395264,1282.531128,1224.012573,1243.518799,1211.028076,113963184
2020-11-13,1243.518799,1287.407715,1238.642212,1267.901489,1234.773682,138424461
2020-11-16,1282.531128,1282.531128,1258.148438,1263.024902,1230.024414,66832984
2020-11-17,1263.024902,1292.284180,1253.271851,1272.778076,1239.522949,125964408
2020-11-18,1282.531128,1326.420044,1267.901489,1316.666870,1282.264893,222812501
2020-11-19,1326.420044,1375.185425,1316.666870,1321.543457,1287.014160,289226439
2020-11-20,1321.543457,1341.049683,1287.407715,1302.037231,1268.017578,109167164
2020-11-23,1321.543457,1326.420044,1292.284180,1311.790405,1277.515869,65567744
2020-11-24,1311.790405,1326.420044,1297.160767,1316.666870,1282.264893,84152114
2020-11-25,1355.679321,1384.938599,1321.543457,1341.049683,1306.010742,226141498
2020-11-26,1341.049683,1355.679321,1326.420044,1341.049683,1306.010742,60660375
2020-11-27,1341.049683,1443.457031,1326.420044,1433.703979,1396.244141,284205875
2020-11-30,1443.457031,1497.098999,1336.173096,1394.691650,1358.251099,416673352
2020-12-01,1360.555786,1448.333618,1350.802734,1419.074341,1381.996704,214640012
2020-12-02,1428.827393,1443.457031,1409.321289,1419.074341,1381.996704,109106978
2020-12-03,1419.074341,1467.839844,1414.197754,1448.333618,1410.491577,243233007
2020-12-04,1462.963257,1462.963257,1428.827393,1428.827393,1391.494873,86739192
2020-12-07,1428.827393,1458.086670,1394.691650,1438.580566,1400.993164,72962837
2020-12-08,1443.457031,1448.333618,1419.074341,1423.950928,1386.745972,47474603
2020-12-10,1433.703979,1487.345947,1423.950928,1453.210205,1415.240601,228593131
2020-12-11,1462.963257,1794.568237,1453.210205,1740.926270,1695.439209,970931022
2020-12-14,1760.432495,2106.666992,1750.679321,2106.666992,2051.624023,609629567
2020-12-15,2194.444824,2213.950928,1960.370728,2048.148438,1994.634277,500015466
2020-12-16,2077.407715,2174.938721,2048.148438,2067.654785,2013.630981,208581829
2020-12-17,2067.654785,2126.173340,2048.148438,2077.407715,2023.129150,105216723
2020-12-18,2077.407715,2311.481934,2009.136230,2233.457275,2175.101318,406662574
2020-12-21,2262.716553,2428.519043,2233.457275,2350.494385,2289.080566,211055712
2020-12-22,2350.494385,2409.012695,2204.197998,2262.716553,2203.596191,169656210
2020-12-23,2272.469482,2330.988037,2106.666992,2213.950928,2156.104736,193289749
2020-12-28,2223.704102,2262.716553,2165.185547,2213.950928,2156.104736,78772177
2020-12-29,2223.704102,2399.259766,2213.950928,2233.457275,2175.101318,210889098
2020-12-30,2233.457275,2311.481934,2145.679443,2194.444824,2137.108398,121111484
2021-01-04,2243.210205,2321.235107,2174.938721,2301.728760,2241.589111,123297868
2021-01-05,2311.481934,2370.000488,2252.963379,2291.975830,2232.091064,118834769
2021-01-06,2301.728760,2574.815430,2282.222656,2448.025146,2384.062744,420865357
2021-01-07,2448.025146,2847.901855,2448.025146,2643.086914,2574.028320,422731125
2021-01-08,2691.852295,2935.679688,2662.593018,2789.383301,2716.502197,310349799
2021-01-11,2838.148682,2994.197998,2808.889404,2964.938965,2887.470703,231360767
2021-01-12,2984.445068,3706.173584,2984.445068,3667.161133,3571.345215,559049178
2021-01-13,3706.173584,3881.729248,3559.877197,3676.914307,3580.843750,298987654
2021-01-14,3667.161133,3842.716797,3618.395752,3667.161133,3571.345215,160140455
2021-01-15,3667.161133,3725.679688,3530.617920,3579.383301,3485.860840,136443448
2021-01-18,3520.864990,3579.383301,3335.556152,3335.556152,3248.404541,219428444
2021-01-19,3296.543945,3296.543945,3111.235107,3111.235107,3029.944824,28462369
2021-01-20,2896.667236,3559.877197,2896.667236,3559.877197,3466.864502,472242725
2021-01-21,3608.642578,3706.173584,3316.050049,3394.074707,3305.394043,262761898
2021-01-22,3394.074707,3462.346436,3160.000488,3160.000488,3077.435791,146914183
2021-01-25,3160.000488,3228.272217,2945.432617,3160.000488,3077.435791,216757085
2021-01-26,3160.000488,3238.025391,2945.432617,2945.432617,2868.474365,198959953
2021-01-27,2945.432617,2945.432617,2740.617920,2740.617920,2669.010742,297331153
2021-01-28,2711.358643,2974.691895,2555.309082,2555.309082,2488.543701,416979716
2021-01-29,2633.333740,2779.630127,2379.753662,2379.753662,2317.575439,305761611
2021-02-01,2389.506592,2886.914063,2213.950928,2730.864746,2659.512695,808277004
2021-02-02,2760.124023,2799.136230,2545.556152,2545.556152,2479.045898,315092297
2021-02-03,2545.556152,2740.617920,2438.271973,2682.099365,2612.021484,425979635
2021-02-04,2701.605469,2769.877197,2555.309082,2613.827637,2545.533203,250161992
2021-02-05,2701.605469,2711.358643,2565.062256,2643.086914,2574.028320,105080664
2021-02-08,2643.086914,2925.926514,2633.333740,2886.914063,2811.484619,406094549
2021-02-09,2896.667236,2994.197998,2701.605469,2760.124023,2688.007568,349540155
2021-02-10,2769.877197,2838.148682,2691.852295,2799.136230,2726.000000,112706146
2021-02-11,2808.889404,2877.161133,2760.124023,2799.136230,2726.000000,85147081
2021-02-15,2799.136230,2857.654785,2799.136230,2799.136230,2726.000000,48565642
2021-02-16,2808.889404,2877.161133,2799.136230,2828.395508,2754.494873,69768054
2021-02-17,2828.395508,2838.148682,2672.346191,2672.346191,2602.523193,94355856
2021-02-18,2672.346191,2711.358643,2584.568359,2633.333740,2564.529785,74337889
2021-02-19,2633.333740,2672.346191,2584.568359,2623.580811,2555.031738,55710251
2021-02-22,2633.333740,2779.630127,2623.580811,2701.605469,2631.017822,123645963
2021-02-23,2721.111572,2750.370850,2672.346191,2721.111572,2650.014160,36417387
2021-02-24,2721.111572,2799.136230,2691.852295,2750.370850,2678.508789,75675209
2021-02-25,2760.124023,2906.420410,2760.124023,2886.914063,2811.484619,217408161
2021-02-26,2906.420410,2994.197998,2760.124023,2867.407959,2792.488281,239975065
2021-03-01,2896.667236,2906.420410,2808.889404,2847.901855,2773.491943,59779423
2021-03-02,2857.654785,2877.161133,2779.630127,2779.630127,2707.003906,45098638
2021-03-03,2789.383301,2838.148682,2730.864746,2740.617920,2669.010742,46658041
2021-03-04,2740.617920,2779.630127,2565.062256,2613.827637,2545.533203,76365759
2021-03-05,2613.827637,2643.086914,2516.296875,2565.062256,2498.042236,43436805
2021-03-08,2565.062256,2672.346191,2565.062256,2613.827637,2545.533203,36892519
2021-03-09,2613.827637,2643.086914,2535.802979,2555.309082,2488.543701,27128945
2021-03-10,2584.568359,2584.568359,2496.790527,2506.543701,2441.052734,26213953
2021-03-12,2516.296875,2574.815430,2506.543701,2555.309082,2488.543701,33190512
2021-03-15,2555.309082,2613.827637,2535.802979,2535.802979,2469.547363,25562159
2021-03-16,2535.802979,2691.852295,2535.802979,2613.827637,2545.533203,63705667
2021-03-17,2633.333740,2662.593018,2613.827637,2633.333740,2564.529785,23373519
2021-03-18,2633.333740,2672.346191,2633.333740,2652.840088,2583.526611,29527160
2021-03-19,2662.593018,2662.593018,2555.309082,2604.074463,2536.035156,88324946
2021-03-22,2604.074463,2613.827637,2555.309082,2555.309082,2488.543701,14688065
2021-03-23,2555.309082,2594.321533,2516.296875,2526.049805,2460.048828,22598380
2021-03-24,2526.049805,2574.815430,2496.790527,2535.802979,2469.547363,18360133
2021-03-25,2535.802979,2555.309082,2370.000488,2428.519043,2365.066650,35112057
2021-03-26,2389.506592,2477.284424,2389.506592,2477.284424,2412.557861,34286780
2021-03-29,2477.284424,2496.790527,2389.506592,2389.506592,2327.073242,18069250
2021-03-30,2389.506592,2428.519043,2262.716553,2291.975830,2232.091064,35096575
2021-03-31,2291.975830,2291.975830,2155.432617,2233.457275,2175.101318,39189125
2021-04-01,2233.457275,2291.975830,2194.444824,2272.469482,2213.094238,32885275
2021-04-05,2301.728760,2301.728760,2155.432617,2174.938721,2118.111572,26912603
2021-04-06,2184.691895,2213.950928,2135.926270,2204.197998,2146.606689,19913384
2021-04-07,2165.185547,2213.950928,2145.679443,2184.691895,2127.610107,12706026
2021-04-08,2184.691895,2418.765869,2165.185547,2379.753662,2317.575439,65477311
2021-04-09,2389.506592,2389.506592,2301.728760,2321.235107,2260.585693,44562602
2021-04-12,2321.235107,2340.741211,2204.197998,2213.950928,2156.104736,17200910
2021-04-13,2213.950928,2262.716553,2165.185547,2213.950928,2156.104736,12017116
2021-04-14,2204.197998,2311.481934,2204.197998,2272.469482,2213.094238,28888593
2021-04-15,2282.222656,2311.481934,2223.704102,2243.210205,2184.599609,11708599
2021-04-16,2243.210205,2301.728760,2243.210205,2272.469482,2213.094238,15262242
2021-04-19,2272.469482,2448.025146,2272.469482,2399.259766,2336.571777,89167551
2021-04-20,2399.259766,2399.259766,2291.975830,2321.235107,2260.585693,25180947
2021-04-21,2340.741211,2340.741211,2262.716553,2282.222656,2222.592529,22041531
2021-04-22,2291.975830,2330.988037,2282.222656,2282.222656,2222.592529,14654640
2021-04-23,2282.222656,2291.975830,2243.210205,2262.716553,2203.596191,8863038
2021-04-26,2262.716553,2291.975830,2243.210205,2252.963379,2194.097900,9764086
2021-04-27,2262.716553,2291.975830,2233.457275,2233.457275,2175.101318,13454199
2021-04-28,2233.457275,2262.716553,2155.432617,2165.185547,2108.613525,30763486
2021-04-29,2165.185547,2262.716553,2165.185547,2204.197998,2146.606689,26116855
2021-04-30,2204.197998,2233.457275,2184.691895,2223.704102,2165.603027,9628129
2021-05-03,2223.704102,2243.210205,2165.185547,2184.691895,2127.610107,13759436
2021-05-04,2184.691895,2204.197998,2155.432617,2194.444824,2137.108398,19477317
2021-05-05,2213.950928,2282.222656,2194.444824,2223.704102,2165.603027,25699859
2021-05-06,2233.457275,2418.765869,2223.704102,2360.247314,2298.578613,106296074
2021-05-07,2360.247314,2389.506592,2252.963379,2252.963379,2194.097900,36844329
2021-05-10,2252.963379,2301.728760,2223.704102,2223.704102,2165.603027,24542072
2021-05-11,2223.704102,2223.704102,2165.185547,2194.444824,2137.108398,26303360
2021-05-17,2194.444824,2204.197998,2048.148438,2048.148438,1994.634277,60642842
2021-05-18,2048.148438,2077.407715,1921.358398,1960.370728,1909.150024,60469461
2021-05-19,1940.864624,1960.370728,1843.333740,1857.963379,1809.418457,54781007
2021-05-20,1853.086792,1921.358398,1809.197876,1877.469482,1828.414795,52419601
2021-05-21,1887.222534,1896.975708,1804.321289,1809.197876,1761.927002,36365096
2021-05-24,1814.074463,1828.704102,1706.790405,1716.543579,1671.693604,53239649
2021-05-25,1716.543579,1872.592896,1706.790405,1804.321289,1757.177856,86601594
2021-05-27,1814.074463,1945.741089,1784.815186,1784.815186,1738.181396,114181166
2021-05-28,1804.321289,1843.333740,1789.691650,1823.827515,1776.174438,50915052
2021-05-31,1833.580566,1877.469482,1823.827515,1857.963379,1809.418457,35260113
2021-06-02,1857.963379,1916.481812,1857.963379,1877.469482,1828.414795,33713321
2021-06-03,1887.222534,1896.975708,1853.086792,1872.592896,1823.665649,24364692
2021-06-04,1877.469482,2048.148438,1862.839844,1999.383057,1947.143066,156561896
2021-06-07,2038.395508,2038.395508,1862.839844,1867.716431,1818.916626,118788527
2021-06-08,1867.716431,1877.469482,1770.185547,1779.938599,1733.432251,69701409
2021-06-09,1784.815186,1838.457153,1770.185547,1814.074463,1766.676392,51244691
2021-06-10,1814.074463,1857.963379,1799.444824,1833.580566,1785.672607,28530962
2021-06-11,1838.457153,1853.086792,1784.815186,1789.691650,1742.930420,32186112
2021-06-14,1794.568237,1814.074463,1765.308960,1765.308960,1719.184814,22627089
2021-06-15,1765.308960,1789.691650,1740.926270,1750.679321,1704.937500,21161194
2021-06-16,1750.679321,1765.308960,1726.296631,1736.049683,1690.690063,19736210
2021-06-17,1736.049683,1818.950928,1716.543579,1809.197876,1761.927002,48266250
2021-06-18,1804.321289,1853.086792,1721.420044,1721.420044,1676.442627,78023183
2021-06-21,1726.296631,1740.926270,1667.778076,1682.407715,1638.449707,37068361
2021-06-22,1687.284302,1789.691650,1682.407715,1765.308960,1719.184814,53178950
2021-06-23,1755.555908,1784.815186,1706.790405,1706.790405,1662.195435,36894467
2021-06-24,1706.790405,1726.296631,1682.407715,1682.407715,1638.449707,25262664
2021-06-25,1677.531128,1960.370728,1677.531128,1896.975708,1847.411377,334606834
2021-06-28,1940.864624,2204.197998,1892.099121,2194.444824,2137.108398,473823147
2021-06-29,2174.938721,2272.469482,2048.148438,2135.926270,2080.118652,303792799
2021-06-30,2126.173340,2311.481934,2096.914063,2243.210205,2184.599609,306581557
2021-07-01,2252.963379,2301.728760,2174.938721,2223.704102,2165.603027,136655073
2021-07-02,2243.210205,2262.716553,2096.914063,2174.938721,2118.111572,87929276
2021-07-05,2174.938721,2223.704102,2096.914063,2106.666992,2051.624023,67544554
2021-07-06,2116.420166,2194.444824,2067.654785,2126.173340,2070.620605,83130796
2021-07-07,2135.926270,2291.975830,2126.173340,2272.469482,2213.094238,191071580
2021-07-08,2282.222656,2438.271973,2282.222656,2370.000488,2308.077148,232556696
2021-07-09,2389.506592,2438.271973,2311.481934,2321.235107,2260.585693,99515247
2021-07-12,2321.235107,2389.506592,2291.975830,2301.728760,2241.589111,51033066
2021-07-13,2301.728760,2340.741211,2194.444824,2233.457275,2175.101318,60704259
2021-07-14,2233.457275,2340.741211,2165.185547,2291.975830,2232.091064,67782940
2021-07-15,2291.975830,2350.494385,2272.469482,2330.988037,2270.083984,69549047
2021-07-16,2330.988037,2438.271973,2321.235107,2379.753662,2317.575439,127648080
2021-07-19,2379.753662,2555.309082,2340.741211,2526.049805,2460.048828,192940937
2021-07-21,2545.556152,2643.086914,2487.037598,2506.543701,2441.052734,131848185
2021-07-22,2526.049805,2574.815430,2506.543701,2516.296875,2450.551025,32460487
2021-07-23,2516.296875,2604.074463,2516.296875,2574.815430,2507.540527,113537062
2021-07-26,2604.074463,2652.840088,2555.309082,2613.827637,2545.533203,105005406
2021-07-27,2613.827637,2808.889404,2496.790527,2643.086914,2574.028320,214698968
2021-07-28,2652.840088,2760.124023,2652.840088,2730.864746,2659.512695,102678963
2021-07-29,2730.864746,2769.877197,2682.099365,2750.370850,2678.508789,63547461
2021-07-30,2760.124023,2799.136230,2565.062256,2565.062256,2498.042236,129090392
2021-08-02,2535.802979,2604.074463,2409.012695,2535.802979,2469.547363,141611144
2021-08-03,2535.802979,2584.568359,2467.531250,2477.284424,2412.557861,44713426
2021-08-04,2487.037598,2555.309082,2467.531250,2516.296875,2450.551025,44743468
2021-08-05,2535.802979,2662.593018,2506.543701,2633.333740,2564.529785,74151589
2021-08-06,2652.840088,2691.852295,2565.062256,2623.580811,2555.031738,48795313
2021-08-09,2623.580811,2633.333740,2448.025146,2448.025146,2384.062744,66192059
2021-08-10,2438.271973,2457.778320,2282.222656,2282.222656,2222.592529,65865906
2021-08-12,2272.469482,2301.728760,2165.185547,2291.975830,2232.091064,68265248
2021-08-13,2282.222656,2360.247314,2243.210205,2311.481934,2251.087158,60335760
2021-08-16,2311.481934,2340.741211,2174.938721,2194.444824,2137.108398,68335585
2021-08-18,2194.444824,2233.457275,2048.148438,2116.420166,2061.122314,79424996
2021-08-19,2116.420166,2135.926270,1989.630005,2009.136230,1956.641479,61681077
2021-08-20,2009.136230,2165.185547,1960.370728,2096.914063,2042.125854,69568118
2021-08-23,2145.679443,2165.185547,2096.914063,2145.679443,2089.616943,46251708
2021-08-24,2155.432617,2233.457275,2116.420166,2126.173340,2070.620605,43707694
2021-08-25,2155.432617,2174.938721,2116.420166,2145.679443,2089.616943,20699802
2021-08-26,2184.691895,2184.691895,2116.420166,2135.926270,2080.118652,19148498
2021-08-27,2155.432617,2194.444824,2067.654785,2106.666992,2051.624023,38788431
2021-08-30,2135.926270,2194.444824,2116.420166,2155.432617,2099.115479,36343565
2021-08-31,2165.185547,2165.185547,2116.420166,2165.185547,2108.613525,19297682
2021-09-01,2165.185547,2184.691895,2126.173340,2126.173340,2070.620605,13734521
2021-09-02,2135.926270,2155.432617,2087.160889,2087.160889,2032.627441,22039993
2021-09-03,2087.160889,2116.420166,2067.654785,2087.160889,2032.627441,20876566
2021-09-06,2087.160889,2106.666992,2048.148438,2077.407715,2023.129150,22829691
2021-09-07,2077.407715,2116.420166,2057.901611,2057.901611,2004.132690,27020671
2021-09-08,2057.901611,2077.407715,2018.889282,2018.889282,1966.139648,25900411
2021-09-09,2018.889282,2038.395508,1950.617676,1989.630005,1937.644897,36122814
2021-09-10,1989.630005,2067.654785,1979.876953,2038.395508,1985.136230,33463144
2021-09-13,2038.395508,2077.407715,2018.889282,2077.407715,2023.129150,38994212
2021-09-14,2106.666992,2116.420166,2048.148438,2067.654785,2013.630981,36911692
2021-09-15,2067.654785,2077.407715,2038.395508,2038.395508,1985.136230,19473729
2021-09-16,2077.407715,2165.185547,2038.395508,2096.914063,2042.125854,78898086
2021-09-17,2096.914063,2126.173340,2067.654785,2096.914063,2042.125854,42412104
2021-09-20,2087.160889,2096.914063,2018.889282,2028.642334,1975.637817,25230162
2021-09-21,2028.642334,2057.901611,1979.876953,2018.889282,1966.139648,12736581
2021-09-22,2018.889282,2067.654785,2009.136230,2057.901611,2004.132690,17157129
2021-09-23,2067.654785,2106.666992,2038.395508,2087.160889,2032.627441,39488210
2021-09-24,2087.160889,2116.420166,2048.148438,2057.901611,2004.132690,34686961
2021-09-27,2057.901611,2087.160889,2018.889282,2018.889282,1966.139648,26753679
2021-09-28,2028.642334,2038.395508,1999.383057,2009.136230,1956.641479,17628262
2021-09-29,1999.383057,2009.136230,1950.617676,1989.630005,1937.644897,35748266
2021-09-30,1999.383057,2028.642334,1960.370728,1989.630005,1937.644897,32272649
2021-10-01,1989.630005,2009.136230,1960.370728,1989.630005,1937.644897,27171188
2021-10-04,1989.630005,2106.666992,1989.630005,2067.654785,2013.630981,74607650
2021-10-05,2096.914063,2096.914063,2028.642334,2028.642334,1975.637817,25152443
2021-10-06,2048.148438,2184.691895,2028.642334,2145.679443,2089.616943,162881433
2021-10-07,2165.185547,2213.950928,2087.160889,2087.160889,2032.627441,80362852
2021-10-08,2106.666992,2126.173340,2057.901611,2096.914063,2042.125854,31118040
2021-10-11,2096.914063,2106.666992,2018.889282,2038.395508,1985.136230,47010135
2021-10-12,2057.901611,2067.654785,2018.889282,2028.642334,1975.637817,26476639
2021-10-13,2048.148438,2067.654785,2018.889282,2028.642334,1975.637817,27354925
2021-10-14,2028.642334,2087.160889,2028.642334,2038.395508,1985.136230,35932003
2021-10-15,2028.642334,2096.914063,2028.642334,2077.407715,2023.129150,42887953
2021-10-18,2077.407715,2233.457275,2077.407715,2194.444824,2137.108398,151321504
2021-10-19,2204.197998,2233.457275,2135.926270,2155.432617,2099.115479,65426865
2021-10-21,2165.185547,2204.197998,2087.160889,2096.914063,2042.125854,74027833
2021-10-22,2106.666992,2145.679443,2067.654785,2106.666992,2051.624023,26529237
2021-10-25,2126.173340,2135.926270,2077.407715,2077.407715,2023.129150,25349303
2021-10-26,2087.160889,2145.679443,2077.407715,2096.914063,2042.125854,36383860
2021-10-27,2106.666992,2116.420166,2077.407715,2087.160889,2032.627441,17086382
2021-10-28,2087.160889,2096.914063,2009.136230,2028.642334,1975.637817,52040644
2021-10-29,2048.148438,2077.407715,2028.642334,2057.901611,2004.132690,26786694
2021-11-01,2057.901611,2077.407715,2028.642334,2038.395508,1985.136230,16723523
2021-11-02,2038.395508,2057.901611,1999.383057,2018.889282,1966.139648,22221679
2021-11-03,2028.642334,2048.148438,2009.136230,2038.395508,1985.136230,16113152
2021-11-04,2038.395508,2067.654785,2009.136230,2009.136230,1956.641479,45005026
2021-11-05,2018.889282,2048.148438,2009.136230,2028.642334,1975.637817,16397780
2021-11-08,2038.395508,2087.160889,2028.642334,2038.395508,1985.136230,47773995
2021-11-09,2038.395508,2057.901611,2018.889282,2028.642334,1975.637817,21130332
2021-11-10,2028.642334,2038.395508,2018.889282,2028.642334,1975.637817,10137404
2021-11-11,2028.642334,2038.395508,2009.136230,2018.889282,1966.139648,17108632
2021-11-12,2028.642334,2038.395508,2009.136230,2009.136230,1956.641479,14503406
2021-11-15,2009.136230,2028.642334,2009.136230,2018.889282,1966.139648,10759463
2021-11-16,2018.889282,2077.407715,2009.136230,2038.395508,1985.136230,39052963
2021-11-17,2048.148438,2057.901611,2018.889282,2028.642334,1975.637817,14066518
2021-11-18,2028.642334,2048.148438,2009.136230,2018.889282,1966.139648,16348257
2021-11-19,2048.148438,2048.148438,2009.136230,2018.889282,1966.139648,16018003
2021-11-22,2018.889282,2028.642334,1989.630005,2009.136230,1956.641479,29718791
2021-11-23,2009.136230,2018.889282,1989.630005,1999.383057,1947.143066,14999864
2021-11-24,1999.383057,2009.136230,1989.630005,1999.383057,1947.143066,9292748
2021-11-25,1999.383057,2018.889282,1999.383057,1999.383057,1947.143066,13145682
2021-11-26,1999.383057,2009.136230,1950.617676,1960.370728,1909.150024,27517642
2021-11-29,1950.617676,1970.123779,1892.099121,1916.481812,1866.407837,49396456
2021-11-30,1916.481812,1935.988037,1896.975708,1906.728760,1856.909668,22265665
2021-12-01,1901.852173,1911.605347,1804.321289,1809.197876,1761.927002,52245605
2021-12-02,1809.197876,1814.074463,1760.432495,1765.308960,1719.184814,39138987
2021-12-03,1765.308960,1862.839844,1765.308960,1828.704102,1780.923706,30552783
2021-12-06,1828.704102,1848.210205,1804.321289,1833.580566,1785.672607,15747934
2021-12-07,1843.333740,1857.963379,1818.950928,1818.950928,1771.425293,16449046
2021-12-08,1823.827515,1901.852173,1823.827515,1867.716431,1818.916626,33869989
2021-12-09,1872.592896,1887.222534,1843.333740,1853.086792,1804.669189,12527108
2021-12-10,1877.469482,1877.469482,1853.086792,1857.963379,1809.418457,6182246
2021-12-13,1867.716431,1872.592896,1848.210205,1848.210205,1799.920044,7897703
2021-12-14,1848.210205,1857.963379,1823.827515,1833.580566,1785.672607,9083686
2021-12-15,1833.580566,1848.210205,1818.950928,1823.827515,1776.174438,7540175
2021-12-16,1823.827515,1838.457153,1784.815186,1799.444824,1752.428833,14171408
2021-12-17,1799.444824,1799.444824,1779.938599,1789.691650,1742.930420,10654881
2021-12-20,1789.691650,1799.444824,1755.555908,1755.555908,1709.686646,13651573
2021-12-21,1755.555908,1789.691650,1731.173218,1740.926270,1695.439209,18579960
2021-12-22,1740.926270,1750.679321,1721.420044,1721.420044,1676.442627,14357401
2021-12-23,1736.049683,1736.049683,1721.420044,1726.296631,1681.191895,6337274
2021-12-24,1726.296631,1765.308960,1716.543579,1750.679321,1704.937500,12462616
2021-12-27,1750.679321,1843.333740,1750.679321,1814.074463,1766.676392,25275788
2021-12-28,1818.950928,1833.580566,1755.555908,1755.555908,1709.686646,22676304
2021-12-29,1755.555908,1765.308960,1736.049683,1745.802856,1700.188477,7125127
2021-12-30,1745.802856,1760.432495,1736.049683,1736.049683,1690.690063,6022707
2022-01-03,1736.049683,1755.555908,1736.049683,1736.049683,1690.690063,6117446
2022-01-04,1736.049683,1765.308960,1731.173218,1750.679321,1704.937500,8296551
2022-01-05,1755.555908,1794.568237,1740.926270,1745.802856,1700.188477,13923589
2022-01-06,1745.802856,1755.555908,1692.160767,1701.913940,1657.446167,24869148
2022-01-07,1701.913940,1716.543579,1687.284302,1701.913940,1657.446167,12884841
2022-01-10,1701.913940,1765.308960,1697.037354,1716.543579,1671.693604,24485372
2022-01-11,1721.420044,1726.296631,1697.037354,1697.037354,1652.697021,11168769
2022-01-12,1701.913940,1711.666992,1580.000244,1580.000244,1538.717896,38545431
2022-01-13,1589.753418,1594.629883,1497.098999,1575.123779,1533.968872,41341571
2022-01-14,1575.123779,1580.000244,1511.728638,1545.864502,1505.473999,19078367
2022-01-17,1545.864502,1555.617554,1497.098999,1501.975586,1462.731934,17632568
2022-01-18,1501.975586,1521.481812,1428.827393,1458.086670,1419.989746,30521409
2022-01-19,1458.086670,1501.975586,1443.457031,1467.839844,1429.488037,13480345
2022-01-20,1472.716309,1540.987915,1462.963257,1511.728638,1472.230103,24407345
2022-01-21,1511.728638,1526.358276,1482.469482,1516.605225,1476.979370,8785422
2022-01-24,1521.481812,1521.481812,1497.098999,1511.728638,1472.230103,6383926
2022-01-25,1511.728638,1511.728638,1467.839844,1472.716309,1434.237183,8416718
2022-01-26,1462.963257,1487.345947,1462.963257,1477.592896,1438.986328,8063189
2022-01-27,1472.716309,1516.605225,1467.839844,1467.839844,1429.488037,11475954
2022-01-28,1487.345947,1506.852173,1472.716309,1482.469482,1443.735352,12035982
2022-01-31,1482.469482,1565.370728,1482.469482,1506.852173,1467.480957,28254024
2022-02-02,1550.741089,1550.741089,1492.222534,1506.852173,1467.480957,16761665
2022-02-03,1511.728638,1604.383057,1511.728638,1545.864502,1505.473999,53555754
2022-02-04,1555.617554,1555.617554,1521.481812,1540.987915,1500.724976,13113692
2022-02-07,1545.864502,1619.012695,1531.234863,1604.383057,1562.463623,32313969
2022-02-08,1609.259521,1653.148438,1609.259521,1619.012695,1576.711060,35926569
2022-02-09,1623.889160,1643.395386,1609.259521,1633.642334,1590.958374,13648702
2022-02-10,1633.642334,1672.654663,1619.012695,1628.765747,1586.209229,27728550
2022-02-11,1628.765747,1638.518799,1589.753418,1628.765747,1586.209229,9468693
2022-02-14,1628.765747,1638.518799,1570.247192,1575.123779,1533.968872,15892401
2022-02-15,1575.123779,1619.012695,1565.370728,1609.259521,1567.212769,10607819
2022-02-16,1609.259521,1638.518799,1599.506470,1614.136108,1571.961792,18539255
2022-02-17,1614.136108,1623.889160,1589.753418,1599.506470,1557.714600,6377364
2022-02-18,1599.506470,1672.654663,1594.629883,1658.025024,1614.703979,34258276
2022-02-21,1658.025024,1731.173218,1658.025024,1711.666992,1666.944458,48788853
2022-02-22,1711.666992,1711.666992,1662.901611,1682.407715,1638.449707,29922317
2022-02-23,1682.407715,1706.790405,1677.531128,1687.284302,1643.198853,15569222
2022-02-24,1692.160767,1692.160767,1570.247192,1575.123779,1533.968872,48847399
2022-02-25,1570.247192,1638.518799,1540.987915,1623.889160,1581.460205,21708098
2022-03-01,1623.889160,1775.062012,1623.889160,1750.679321,1704.937500,99128498
2022-03-02,1750.679321,1779.938599,1697.037354,1731.173218,1685.941040,62314518
2022-03-04,1731.173218,1750.679321,1692.160767,1697.037354,1652.697021,19383501
2022-03-07,1701.913940,1701.913940,1628.765747,1643.395386,1600.456665,24417599
2022-03-08,1599.506470,1672.654663,1599.506470,1609.259521,1567.212769,19790961
2022-03-09,1614.136108,1662.901611,1604.383057,1648.271973,1605.205811,11587304
2022-03-10,1653.148438,1672.654663,1638.518799,1658.025024,1614.703979,11721312
2022-03-11,1658.025024,1658.025024,1623.889160,1628.765747,1586.209229,10036308
2022-03-14,1628.765747,1653.148438,1628.765747,1643.395386,1600.456665,9154638
2022-03-15,1643.395386,1667.778076,1623.889160,1623.889160,1581.460205,19496183
2022-03-16,1628.765747,1643.395386,1609.259521,1614.136108,1571.961792,11319183
2022-03-17,1614.136108,1633.642334,1599.506470,1604.383057,1562.463623,16850457
2022-03-18,1604.383057,1609.259521,1575.123779,1575.123779,1533.968872,15511086
2022-03-21,1653.148438,1653.148438,1570.247192,1575.123779,1533.968872,9576043
2022-03-22,1604.383057,1604.383057,1575.123779,1589.753418,1548.216187,5272586
2022-03-23,1604.383057,1604.383057,1575.123779,1580.000244,1538.717896,10127356
2022-03-24,1501.975586,1589.753418,1501.975586,1580.000244,1538.717896,9315408
2022-03-25,1472.716309,1584.876831,1472.716309,1570.247192,1529.219727,6679115
2022-03-28,1594.629883,1594.629883,1570.247192,1575.123779,1533.968872,5039429
2022-03-29,1609.259521,1609.259521,1570.247192,1575.123779,1533.968872,5371221
2022-03-30,1575.123779,1589.753418,1565.370728,1580.000244,1538.717896,9497401
2022-03-31,1580.000244,1584.876831,1565.370728,1565.370728,1524.470581,5994203
2022-04-01,1565.370728,1580.000244,1565.370728,1565.370728,1524.470581,6366906
2022-04-04,1565.370728,1575.123779,1540.987915,1545.864502,1505.473999,10627300
2022-04-05,1633.642334,1633.642334,1531.234863,1531.234863,1491.226807,11461702
2022-04-06,1531.234863,1536.111450,1472.716309,1472.716309,1434.237183,30163984
2022-04-07,1511.728638,1511.728638,1472.716309,1487.345947,1448.484619,10246908
2022-04-08,1487.345947,1506.852173,1487.345947,1487.345947,1448.484619,6154870
2022-04-11,1487.345947,1497.098999,1462.963257,1477.592896,1438.986328,17552901
2022-04-12,1511.728638,1511.728638,1462.963257,1467.839844,1429.488037,12221257
2022-04-13,1467.839844,1487.345947,1467.839844,1467.839844,1429.488037,7361873
2022-04-14,1467.839844,1536.111450,1467.839844,1521.481812,1481.728394,21435364
2022-04-18,1521.481812,1580.000244,1497.098999,1575.123779,1533.968872,24040487
2022-04-19,1633.642334,1633.642334,1536.111450,1536.111450,1495.975830,15265113
2022-04-20,1536.111450,1540.987915,1506.852173,1516.605225,1476.979370,24419957
2022-04-21,1526.358276,1536.111450,1516.605225,1521.481812,1481.728394,7578625
2022-04-22,1521.481812,1521.481812,1487.345947,1497.098999,1457.982666,6253916
2022-04-25,1472.716309,1492.222534,1467.839844,1472.716309,1434.237183,9839549
2022-04-26,1472.716309,1492.222534,1472.716309,1492.222534,1453.233643,5812620
2022-04-27,1492.222534,1506.852173,1482.469482,1492.222534,1453.233643,5229728
2022-04-28,1511.728638,1545.864502,1497.098999,1540.987915,1500.724976,17432427
2022-05-09,1540.987915,1565.370728,1477.592896,1482.469482,1443.735352,17184197
2022-05-10,1482.469482,1482.469482,1443.457031,1482.469482,1443.735352,21849591
2022-05-11,1487.345947,1497.098999,1472.716309,1477.592896,1438.986328,9674063
2022-05-12,1482.469482,1482.469482,1375.185425,1375.185425,1339.254395,22939810
2022-05-13,1375.185425,1409.321289,1306.913818,1399.568115,1363.000000,17473337
2022-05-17,1404.444702,1433.703979,1399.568115,1409.321289,1372.498535,7556170
2022-05-18,1433.703979,1433.703979,1404.444702,1409.321289,1372.498535,5479597
2022-05-19,1414.197754,1414.197754,1380.062012,1380.062012,1344.003784,7366589
2022-05-20,1380.062012,1414.197754,1380.062012,1404.444702,1367.749390,5475291
2022-05-23,1404.444702,1414.197754,1380.062012,1380.062012,1344.003784,5130990
2022-05-24,1380.062012,1404.444702,1375.185425,1384.938599,1348.752808,5528095
2022-05-25,1384.938599,1399.568115,1380.062012,1380.062012,1344.003784,5315854
2022-05-27,1384.938599,1458.086670,1384.938599,1423.950928,1386.745972,14550263
2022-05-30,1438.580566,1438.580566,1394.691650,1399.568115,1363.000000,9431986
2022-05-31,1419.074341,1423.950928,1399.568115,1404.444702,1367.749390,7776921
2022-06-02,1404.444702,1428.827393,1404.444702,1414.197754,1377.247437,8636033
2022-06-03,1414.197754,1492.222534,1414.197754,1453.210205,1415.240601,26768034
2022-06-06,1462.963257,1472.716309,1433.703979,1448.333618,1410.491577,10161704
2022-06-07,1458.086670,1462.963257,1419.074341,1423.950928,1386.745972,7194234
2022-06-08,1423.950928,1428.827393,1414.197754,1423.950928,1404.452148,5024664
2022-06-09,1423.950928,1438.580566,1414.197754,1419.074341,1399.642334,5548088
2022-06-10,1419.074341,1419.074341,1384.938599,1409.321289,1390.022827,10282384
2022-06-13,1399.568115,1399.568115,1375.185425,1384.938599,1365.973999,6536083
2022-06-14,1380.062012,1389.815063,1375.185425,1380.062012,1361.164185,4594339
2022-06-15,1380.062012,1389.815063,1375.185425,1380.062012,1361.164185,5063626
2022-06-16,1380.062012,1404.444702,1380.062012,1384.938599,1365.973999,6816610
2022-06-17,1384.938599,1394.691650,1360.555786,1360.555786,1341.925049,7803476
2022-06-20,1419.074341,1419.074341,1336.173096,1350.802734,1332.305542,8328336
2022-06-21,1350.802734,1360.555786,1345.926147,1355.679321,1337.115356,4824420
2022-06-22,1355.679321,1360.555786,1341.049683,1350.802734,1332.305542,5640982
2022-06-23,1350.802734,1350.802734,1331.296509,1341.049683,1322.686157,6756013
2022-06-24,1345.926147,1345.926147,1336.173096,1341.049683,1322.686157,8246516
2022-06-27,1375.185425,1375.185425,1326.420044,1326.420044,1308.256836,8382370
2022-06-28,1326.420044,1336.173096,1321.543457,1321.543457,1303.447021,4345700
2022-06-29,1321.543457,1326.420044,1316.666870,1316.666870,1298.637207,5699835
2022-06-30,1316.666870,1321.543457,1306.913818,1306.913818,1289.017700,5582641
2022-07-01,1306.913818,1311.790405,1253.271851,1253.271851,1236.110229,14585841
2022-07-04,1248.395264,1263.024902,1170.370605,1175.247192,1159.154053,23288418
2022-07-05,1175.247192,1199.629883,1170.370605,1175.247192,1159.154053,9101937
2022-07-06,1175.247192,1189.876831,1170.370605,1180.123657,1163.963745,5528197
2022-07-07,1180.123657,1209.382935,1180.123657,1204.506348,1188.012451,5180102
2022-07-08,1214.259521,1224.012573,1204.506348,1224.012573,1207.251587,4041796
2022-07-11,1228.889160,1248.395264,1224.012573,1224.012573,1207.251587,2916819
2022-07-12,1224.012573,1506.852173,1204.506348,1482.469482,1462.169434,148209362
2022-07-13,1462.963257,1487.345947,1380.062012,1380.062012,1361.164185,53790551
2022-07-14,1380.062012,1433.703979,1336.173096,1384.938599,1365.973999,27034308
2022-07-15,1384.938599,1453.210205,1380.062012,1419.074341,1399.642334,41849410
2022-07-18,1423.950928,1506.852173,1423.950928,1477.592896,1457.359619,59163926
2022-07-19,1477.592896,1526.358276,1467.839844,1477.592896,1457.359619,38361490
2022-07-20,1477.592896,1516.605225,1477.592896,1492.222534,1471.788818,20097634
2022-07-21,1540.987915,1540.987915,1472.716309,1511.728638,1491.027832,26618748
2022-07-22,1511.728638,1526.358276,1501.975586,1511.728638,1491.027832,13195820
2022-07-25,1516.605225,1580.000244,1511.728638,1550.741089,1529.506104,35060484
2022-07-26,1570.247192,1628.765747,1565.370728,1594.629883,1572.793945,48291883
2022-07-27,1599.506470,1633.642334,1580.000244,1580.000244,1558.364624,57619185
2022-07-28,1584.876831,1638.518799,1584.876831,1633.642334,1611.272095,43152075
2022-07-29,1633.642334,1667.778076,1594.629883,1594.629883,1572.793945,39667025
2022-08-01,1594.629883,1619.012695,1594.629883,1594.629883,1572.793945,14398003
2022-08-02,1594.629883,1599.506470,1516.605225,1526.358276,1505.457153,29328658
2022-08-03,1477.592896,1545.864502,1477.592896,1531.234863,1510.266968,11193480
2022-08-04,1540.987915,1589.753418,1540.987915,1550.741089,1529.506104,18442158
2022-08-05,1555.617554,1560.494141,1540.987915,1550.741089,1529.506104,8901385
2022-08-08,1550.741089,1560.494141,1516.605225,1526.358276,1505.457153,12057411
2022-08-09,1526.358276,1555.617554,1482.469482,1506.852173,1486.218140,18037466
2022-08-10,1511.728638,1526.358276,1501.975586,1501.975586,1481.408325,6717256
2022-08-11,1511.728638,1536.111450,1511.728638,1531.234863,1510.266968,8806851
2022-08-12,1536.111450,1545.864502,1511.728638,1526.358276,1505.457153,7322603
2022-08-15,1526.358276,1536.111450,1506.852173,1506.852173,1486.218140,7259444
2022-08-16,1511.728638,1521.481812,1487.345947,1487.345947,1466.979126,7003832
2022-08-18,1487.345947,1526.358276,1487.345947,1501.975586,1481.408325,10742546
2022-08-19,1506.852173,1570.247192,1506.852173,1565.370728,1543.935425,34519732
2022-08-22,1565.370728,1604.383057,1521.481812,1531.234863,1510.266968,32694464
2022-08-23,1531.234863,1545.864502,1501.975586,1511.728638,1491.027832,16365687
2022-08-24,1516.605225,1526.358276,1487.345947,1492.222534,1471.788818,14841965
2022-08-25,1497.098999,1511.728638,1472.716309,1487.345947,1466.979126,11168052
2022-08-26,1501.975586,1526.358276,1492.222534,1492.222534,1471.788818,14420560
2022-08-29,1458.086670,1501.975586,1423.950928,1497.098999,1476.598511,14262456
2022-08-30,1497.098999,1511.728638,1482.469482,1482.469482,1462.169434,8128604
2022-08-31,1487.345947,1497.098999,1477.592896,1482.469482,1462.169434,4523900
2022-09-01,1482.469482,1492.222534,1477.592896,1482.469482,1462.169434,3351656
2022-09-02,1492.222534,1492.222534,1472.716309,1472.716309,1452.549805,6175172
2022-09-05,1472.716309,1477.592896,1462.963257,1467.839844,1447.740112,5949705
2022-09-06,1472.716309,1477.592896,1467.839844,1472.716309,1452.549805,4650014
2022-09-07,1472.716309,1487.345947,1462.963257,1462.963257,1442.930298,8826332
2022-09-08,1467.839844,1472.716309,1462.963257,1467.839844,1447.740112,5052963
2022-09-09,1467.839844,1467.839844,1448.333618,1448.333618,1428.500977,9968124
2022-09-12,1448.333618,1462.963257,1443.457031,1443.457031,1423.691162,6502965
2022-09-13,1443.457031,1453.210205,1433.703979,1433.703979,1414.071655,12345935
2022-09-14,1428.827393,1438.580566,1419.074341,1428.827393,1409.261841,12205774
2022-09-15,1433.703979,1511.728638,1433.703979,1492.222534,1471.788818,31823766
2022-09-16,1497.098999,1521.481812,1472.716309,1497.098999,1476.598511,23170096
2022-09-19,1497.098999,1501.975586,1472.716309,1487.345947,1466.979126,7906521
2022-09-20,1497.098999,1501.975586,1477.592896,1492.222534,1471.788818,7274721
2022-09-21,1497.098999,1497.098999,1467.839844,1477.592896,1457.359619,8294090
2022-09-22,1477.592896,1497.098999,1467.839844,1492.222534,1471.788818,11443759
2022-09-23,1501.975586,1555.617554,1497.098999,1536.111450,1515.076782,50591462
2022-09-26,1540.987915,1550.741089,1501.975586,1521.481812,1500.647461,24620611
2022-09-27,1516.605225,1531.234863,1482.469482,1511.728638,1491.027832,10595720
2022-09-28,1501.975586,1506.852173,1482.469482,1497.098999,1476.598511,9074151
2022-09-29,1501.975586,1521.481812,1467.839844,1467.839844,1447.740112,11364605
2022-09-30,1458.086670,1462.963257,1365.432373,1433.703979,1414.071655,22908743
2022-10-03,1433.703979,1477.592896,1433.703979,1462.963257,1442.930298,14332075
2022-10-04,1472.716309,1482.469482,1448.333618,1453.210205,1433.310791,6875873
2022-10-05,1453.210205,1467.839844,1453.210205,1453.210205,1433.310791,4185546
2022-10-06,1453.210205,1482.469482,1448.333618,1453.210205,1433.310791,7884579
2022-10-07,1453.210205,1453.210205,1419.074341,1423.950928,1404.452148,10225376
2022-10-10,1423.950928,1423.950928,1404.444702,1409.321289,1390.022827,5654516
2022-10-11,1409.321289,1419.074341,1375.185425,1380.062012,1361.164185,9857185
2022-10-12,1380.062012,1380.062012,1326.420044,1341.049683,1322.686157,14071235
2022-10-13,1336.173096,1341.049683,1306.913818,1311.790405,1293.827515,8551650
2022-10-14,1316.666870,1341.049683,1272.778076,1277.654541,1260.159058,13017107
2022-10-17,1277.654541,1287.407715,1233.765625,1263.024902,1245.729736,10056404
2022-10-18,1267.901489,1292.284180,1267.901489,1282.531128,1264.968872,11469597
2022-10-19,1282.531128,1326.420044,1258.148438,1267.901489,1250.539551,14534575
2022-10-20,1267.901489,1306.913818,1263.024902,1267.901489,1250.539551,12233560
2022-10-21,1282.531128,1355.679321,1272.778076,1311.790405,1293.827515,22392189
2022-10-24,1326.420044,1375.185425,1326.420044,1360.555786,1341.925049,18206848
2022-10-25,1365.432373,1399.568115,1355.679321,1360.555786,1341.925049,16385168
2022-10-26,1360.555786,1360.555786,1326.420044,1341.049683,1322.686157,6903761
2022-10-27,1345.926147,1370.308960,1345.926147,1345.926147,1327.495850,6257402
2022-10-28,1365.432373,1409.321289,1355.679321,1360.555786,1341.925049,15765980
2022-10-31,1365.432373,1380.062012,1360.555786,1365.432373,1346.734863,6632258
2022-11-01,1370.308960,1399.568115,1370.308960,1370.308960,1351.544678,13600307
2022-11-02,1375.185425,1404.444702,1375.185425,1389.815063,1370.783691,12772672
2022-11-03,1394.691650,1394.691650,1341.049683,1355.679321,1337.115356,16995539
2022-11-04,1355.679321,1365.432373,1341.049683,1360.555786,1341.925049,8650285
2022-11-07,1365.432373,1365.432373,1345.926147,1350.802734,1332.305542,9279829
2022-11-08,1355.679321,1360.555786,1341.049683,1341.049683,1322.686157,4545739
2022-11-09,1341.049683,1345.926147,1331.296509,1341.049683,1322.686157,6810355
2022-11-10,1341.049683,1341.049683,1321.543457,1341.049683,1322.686157,6107808
2022-11-11,1345.926147,1365.432373,1336.173096,1341.049683,1322.686157,7463482
2022-11-14,1345.926147,1355.679321,1336.173096,1345.926147,1327.495850,7712018
2022-11-15,1341.049683,1350.802734,1336.173096,1341.049683,1322.686157,4222765
2022-11-16,1341.049683,1345.926147,1321.543457,1326.420044,1308.256836,4702818
2022-11-17,1326.420044,1331.296509,1316.666870,1326.420044,1308.256836,4588700
2022-11-18,1321.543457,1345.926147,1316.666870,1321.543457,1303.447021,7399502
2022-11-21,1341.049683,1341.049683,1326.420044,1326.420044,1308.256836,2300604
2022-11-22,1326.420044,1331.296509,1321.543457,1326.420044,1308.256836,2513870
2022-11-23,1326.420044,1345.926147,1326.420044,1345.926147,1327.495850,6466874
2022-11-24,1350.802734,1365.432373,1350.802734,1350.802734,1332.305542,3873132
2022-11-25,1365.432373,1365.432373,1331.296509,1336.173096,1317.876343,2814288
2022-11-28,1331.296509,1336.173096,1316.666870,1326.420044,1308.256836,4852411
2022-11-29,1321.543457,1326.420044,1292.284180,1297.160767,1279.398193,7048229
2022-11-30,1297.160767,1311.790405,1297.160767,1302.037231,1284.207886,4778588
2022-12-01,1302.037231,1306.913818,1287.407715,1292.284180,1274.588379,5060448
2022-12-02,1292.284180,1297.160767,1277.654541,1287.407715,1269.778687,5095206
2022-12-05,1287.407715,1302.037231,1277.654541,1277.654541,1260.159058,3648792
2022-12-06,1277.654541,1277.654541,1253.271851,1263.024902,1245.729736,5506050
2022-12-07,1263.024902,1267.901489,1238.642212,1238.642212,1221.680908,4017906
2022-12-08,1219.135986,1258.148438,1155.740967,1233.765625,1216.871094,23887408
2022-12-09,1228.889160,1238.642212,1194.753296,1199.629883,1183.202881,8445735
2022-12-12,1199.629883,1219.135986,1175.247192,1214.259521,1197.632080,8497308
2022-12-13,1214.259521,1263.024902,1214.259521,1263.024902,1245.729736,23956001
2022-12-14,1285.000000,1285.000000,1200.000000,1215.000000,1198.362427,21380400
2022-12-15,1215.000000,1230.000000,1200.000000,1210.000000,1193.431030,7163500
2022-12-16,1205.000000,1220.000000,1200.000000,1200.000000,1183.567871,16051400
2022-12-19,1200.000000,1200.000000,1120.000000,1120.000000,1104.663452,35669500
2022-12-20,1120.000000,1140.000000,1095.000000,1100.000000,1084.937134,29406200
2022-12-21,1100.000000,1200.000000,1100.000000,1150.000000,1134.252563,62862000
2022-12-22,1155.000000,1240.000000,1145.000000,1220.000000,1203.294067,71440900
2022-12-23,1220.000000,1265.000000,1205.000000,1215.000000,1198.362427,64479300
2022-12-26,1220.000000,1355.000000,1220.000000,1310.000000,1292.061646,78567600
2022-12-27,1320.000000,1365.000000,1255.000000,1280.000000,1262.472412,56948700
2022-12-28,1280.000000,1310.000000,1255.000000,1270.000000,1252.609375,34163400
2022-12-29,1280.000000,1300.000000,1260.000000,1290.000000,1272.335449,20033600
2022-12-30,1295.000000,1310.000000,1270.000000,1290.000000,1272.335449,18916000
2023-01-02,1300.000000,1305.000000,1265.000000,1285.000000,1267.404053,10661100
2023-01-03,1285.000000,1395.000000,1280.000000,1395.000000,1375.897705,69673900
2023-01-04,1390.000000,1425.000000,1385.000000,1385.000000,1366.034668,58214700
2023-01-05,1385.000000,1390.000000,1330.000000,1335.000000,1316.719360,35944100
2023-01-06,1330.000000,1415.000000,1320.000000,1390.000000,1370.966187,43879400
2023-01-09,1400.000000,1405.000000,1350.000000,1365.000000,1346.308472,29254700
2023-01-10,1365.000000,1370.000000,1305.000000,1325.000000,1306.856201,19159500
2023-01-11,1325.000000,1340.000000,1285.000000,1335.000000,1316.719360,21926600
2023-01-12,1340.000000,1365.000000,1320.000000,1330.000000,1311.787720,27948200
2023-01-13,1335.000000,1345.000000,1310.000000,1320.000000,1301.924683,9097100
2023-01-16,1320.000000,1350.000000,1310.000000,1330.000000,1311.787720,13596300
2023-01-17,1335.000000,1380.000000,1330.000000,1350.000000,1331.513794,22158500
2023-01-18,1355.000000,1365.000000,1335.000000,1350.000000,1331.513794,8691400
2023-01-19,1350.000000,1355.000000,1335.000000,1340.000000,1321.650757,8683200
2023-01-20,1340.000000,1395.000000,1335.000000,1385.000000,1366.034668,42525300
2023-01-24,1385.000000,1390.000000,1350.000000,1375.000000,1356.171509,25831500
2023-01-25,1375.000000,1385.000000,1360.000000,1375.000000,1356.171509,14368500
2023-01-26,1375.000000,1445.000000,1375.000000,1420.000000,1400.555420,98800700
2023-01-27,1420.000000,1425.000000,1390.000000,1390.000000,1370.966187,54634900
2023-01-30,1390.000000,1415.000000,1360.000000,1380.000000,1361.103149,44835600
2023-01-31,1390.000000,1395.000000,1330.000000,1335.000000,1316.719360,36466800
2023-02-01,1340.000000,1365.000000,1340.000000,1345.000000,1326.582397,31842200
2023-02-02,1360.000000,1370.000000,1345.000000,1350.000000,1331.513794,21127900
2023-02-03,1350.000000,1375.000000,1345.000000,1360.000000,1341.377075,22808500
2023-02-06,1360.000000,1365.000000,1300.000000,1315.000000,1296.993164,32689700
2023-02-07,1315.000000,1335.000000,1315.000000,1330.000000,1311.787720,15937600
2023-02-08,1335.000000,1350.000000,1335.000000,1335.000000,1316.719360,10730400
2023-02-09,1335.000000,1345.000000,1315.000000,1315.000000,1296.993164,13339600
2023-02-10,1315.000000,1330.000000,1310.000000,1325.000000,1306.856201,24213300
2023-02-13,1325.000000,1370.000000,1325.000000,1365.000000,1346.308472,33648200
2023-02-14,1370.000000,1395.000000,1365.000000,1390.000000,1370.966187,33524900
2023-02-15,1390.000000,1610.000000,1370.000000,1610.000000,1587.953613,252738300
2023-02-16,1610.000000,1705.000000,1600.000000,1625.000000,1602.748169,234454800
2023-02-17,1625.000000,1735.000000,1585.000000,1715.000000,1691.515747,203588300
2023-02-20,1720.000000,1735.000000,1660.000000,1705.000000,1681.652710,101700000
2023-02-21,1705.000000,1745.000000,1685.000000,1700.000000,1676.721191,75257200
2023-02-22,1690.000000,1720.000000,1585.000000,1585.000000,1563.295898,115468000
2023-02-23,1560.000000,1630.000000,1480.000000,1625.000000,1602.748169,177508000
2023-02-24,1625.000000,1640.000000,1595.000000,1630.000000,1607.679810,65366700
2023-02-27,1625.000000,1625.000000,1520.000000,1520.000000,1499.186035,74836300
2023-02-28,1500.000000,1540.000000,1445.000000,1520.000000,1499.186035,122694500
2023-03-01,1520.000000,1595.000000,1515.000000,1595.000000,1573.159058,58720200
2023-03-02,1595.000000,1625.000000,1555.000000,1565.000000,1543.569824,39690000
2023-03-03,1570.000000,1590.000000,1550.000000,1565.000000,1543.569824,21355400
2023-03-06,1580.000000,1585.000000,1530.000000,1565.000000,1543.569824,28069200
2023-03-07,1565.000000,1605.000000,1555.000000,1595.000000,1573.159058,54785000
2023-03-08,1600.000000,1605.000000,1550.000000,1555.000000,1533.706787,27365400
2023-03-09,1560.000000,1600.000000,1555.000000,1595.000000,1573.159058,24837200
2023-03-10,1590.000000,1590.000000,1555.000000,1565.000000,1543.569824,15110500
2023-03-13,1555.000000,1585.000000,1535.000000,1580.000000,1558.364380,18793300
2023-03-14,1580.000000,1580.000000,1490.000000,1515.000000,1494.254517,54579900
2023-03-15,1525.000000,1545.000000,1505.000000,1520.000000,1499.186035,16367500
2023-03-16,1525.000000,1580.000000,1495.000000,1580.000000,1558.364380,43695800
2023-03-17,1590.000000,1635.000000,1565.000000,1630.000000,1607.679810,60416200
2023-03-20,1630.000000,1645.000000,1560.000000,1565.000000,1543.569824,30264100
2023-03-21,1575.000000,1595.000000,1570.000000,1580.000000,1558.364380,10232500
2023-03-24,1580.000000,1650.000000,1575.000000,1610.000000,1587.953613,36350400
2023-03-27,1615.000000,1620.000000,1590.000000,1610.000000,1587.953613,17807200
2023-03-28,1615.000000,1640.000000,1610.000000,1630.000000,1607.679810,29355900
2023-03-29,1635.000000,1710.000000,1635.000000,1700.000000,1676.721191,98020700
2023-03-30,1700.000000,1705.000000,1640.000000,1640.000000,1617.542847,42546800
2023-03-31,1650.000000,1700.000000,1650.000000,1680.000000,1656.995117,42854700
2023-04-03,1690.000000,1695.000000,1655.000000,1695.000000,1671.789673,29963400
2023-04-04,1700.000000,1705.000000,1660.000000,1670.000000,1647.132080,17761000
2023-04-05,1680.000000,1765.000000,1670.000000,1750.000000,1726.036499,103077900
2023-04-06,1750.000000,1820.000000,1735.000000,1810.000000,1785.214844,89080900
2023-04-10,1810.000000,1810.000000,1755.000000,1805.000000,1780.283447,39650700
2023-04-11,1805.000000,1810.000000,1770.000000,1780.000000,1755.625732,28534700
2023-04-12,1780.000000,1785.000000,1735.000000,1775.000000,1750.694214,23809300
2023-04-13,1770.000000,1775.000000,1715.000000,1720.000000,1696.447388,27411800
2023-04-14,1730.000000,1810.000000,1730.000000,1785.000000,1760.557251,61980400
2023-04-17,1785.000000,1795.000000,1735.000000,1735.000000,1711.241943,22424300
2023-04-18,1745.000000,1760.000000,1705.000000,1730.000000,1706.310425,33099300
2023-04-26,1730.000000,1740.000000,1690.000000,1705.000000,1681.652710,22280500
2023-04-27,1715.000000,1740.000000,1665.000000,1675.000000,1652.063477,37966500
2023-04-28,1680.000000,1730.000000,1680.000000,1730.000000,1706.310425,33402600
2023-05-02,1730.000000,1730.000000,1680.000000,1685.000000,1661.926514,18758600
2023-05-03,1690.000000,1720.000000,1690.000000,1715.000000,1691.515747,24269500
2023-05-04,1720.000000,1765.000000,1710.000000,1750.000000,1726.036499,47513700
2023-05-05,1750.000000,1775.000000,1730.000000,1750.000000,1726.036499,45887200
2023-05-08,1750.000000,1770.000000,1750.000000,1755.000000,1730.968140,22003900
2023-05-09,1750.000000,1760.000000,1735.000000,1750.000000,1726.036499,23646500
2023-05-10,1750.000000,1815.000000,1740.000000,1795.000000,1770.420410,86969300
2023-05-11,1795.000000,1795.000000,1755.000000,1755.000000,1730.968140,45924800
2023-05-12,1760.000000,1810.000000,1760.000000,1810.000000,1785.214844,52674600
2023-05-15,1765.000000,1790.000000,1685.000000,1720.000000,1696.447388,96643200
2023-05-16,1720.000000,1730.000000,1600.000000,1600.000000,1578.090576,86258200
2023-05-17,1530.000000,1640.000000,1530.000000,1600.000000,1578.090576,115778900
2023-05-19,1615.000000,1725.000000,1615.000000,1710.000000,1686.584229,74186400
2023-05-22,1710.000000,1735.000000,1690.000000,1695.000000,1671.789673,30240600
2023-05-23,1695.000000,1715.000000,1660.000000,1670.000000,1647.132080,32591600
2023-05-24,1670.000000,1700.000000,1660.000000,1680.000000,1656.995117,23720800
2023-05-25,1685.000000,1715.000000,1680.000000,1700.000000,1676.721191,22029400
2023-05-26,1700.000000,1745.000000,1695.000000,1735.000000,1711.241943,23158900
2023-05-29,1740.000000,1770.000000,1725.000000,1765.000000,1740.831177,29595200
2023-05-30,1765.000000,1770.000000,1735.000000,1740.000000,1716.173462,17345700
2023-05-31,1740.000000,1745.000000,1710.000000,1730.000000,1715.415283,16554300
2023-06-05,1730.000000,1765.000000,1730.000000,1735.000000,1720.373169,13245300
2023-06-06,1735.000000,1735.000000,1675.000000,1695.000000,1680.710327,24026100
2023-06-07,1695.000000,1720.000000,1695.000000,1710.000000,1695.583862,13630600
2023-06-08,1680.000000,1705.000000,1680.000000,1685.000000,1670.794678,16954100
2023-06-09,1690.000000,1700.000000,1675.000000,1680.000000,1665.836792,13652600
2023-06-12,1680.000000,1695.000000,1660.000000,1665.000000,1650.963257,18188300
2023-06-13,1665.000000,1680.000000,1660.000000,1660.000000,1646.005371,10863200
2023-06-14,1660.000000,1675.000000,1635.000000,1670.000000,1655.921143,20705400
2023-06-15,1675.000000,1685.000000,1655.000000,1680.000000,1665.836792,12393700
2023-06-16,1685.000000,1690.000000,1660.000000,1670.000000,1655.921143,12465600
2023-06-19,1675.000000,1675.000000,1650.000000,1650.000000,1636.089722,8799500
2023-06-20,1650.000000,1660.000000,1640.000000,1645.000000,1631.131836,7042600
2023-06-21,1645.000000,1660.000000,1640.000000,1640.000000,1626.174072,8210600
2023-06-22,1645.000000,1710.000000,1645.000000,1690.000000,1675.752441,36486400
2023-06-23,1705.000000,1720.000000,1680.000000,1680.000000,1665.836792,36047000
2023-06-26,1680.000000,1690.000000,1655.000000,1665.000000,1650.963257,12921300
2023-06-27,1670.000000,1690.000000,1655.000000,1690.000000,1675.752441,16825300
2023-07-03,1690.000000,1715.000000,1680.000000,1690.000000,1675.752441,27936400
2023-07-04,1690.000000,1800.000000,1690.000000,1790.000000,1774.909424,86514200
2023-07-05,1785.000000,1790.000000,1745.000000,1750.000000,1735.246704,46330400
2023-07-06,1750.000000,1750.000000,1705.000000,1710.000000,1695.583862,49695900
2023-07-07,1710.000000,1765.000000,1705.000000,1735.000000,1720.373169,25889000
2023-07-10,1735.000000,1745.000000,1710.000000,1715.000000,1700.541748,20190800
2023-07-11,1720.000000,1730.000000,1710.000000,1715.000000,1700.541748,16759100
2023-07-12,1720.000000,1745.000000,1710.000000,1740.000000,1725.330933,21447000
2023-07-13,1740.000000,1745.000000,1670.000000,1705.000000,1690.625977,48568000
2023-07-14,1710.000000,1720.000000,1690.000000,1695.000000,1680.710327,14702000
2023-07-17,1695.000000,1710.000000,1680.000000,1680.000000,1665.836792,29881100
2023-07-18,1680.000000,1695.000000,1665.000000,1670.000000,1655.921143,20067500
2023-07-20,1670.000000,1700.000000,1670.000000,1675.000000,1660.878906,21614800
2023-07-21,1680.000000,1695.000000,1680.000000,1690.000000,1675.752441,12182100
2023-07-24,1695.000000,1700.000000,1685.000000,1690.000000,1675.752441,11658100
2023-07-25,1690.000000,1695.000000,1660.000000,1665.000000,1650.963257,18783200
2023-07-26,1665.000000,1685.000000,1660.000000,1665.000000,1650.963257,19135500
2023-07-27,1670.000000,1695.000000,1655.000000,1660.000000,1646.005371,14898900
2023-07-28,1660.000000,1670.000000,1650.000000,1650.000000,1636.089722,9803400
2023-07-31,1650.000000,1670.000000,1640.000000,1655.000000,1641.047607,14110400
2023-08-01,1660.000000,1670.000000,1640.000000,1645.000000,1631.131836,10778900
2023-08-02,1645.000000,1655.000000,1600.000000,1605.000000,1591.469116,23627400
2023-08-03,1605.000000,1625.000000,1600.000000,1600.000000,1586.511230,28317200
2023-08-04,1610.000000,1620.000000,1605.000000,1610.000000,1596.426880,10778400
2023-08-07,1610.000000,1670.000000,1605.000000,1665.000000,1650.963257,31539700
2023-08-08,1670.000000,1680.000000,1660.000000,1670.000000,1655.921143,12145200
2023-08-09,1670.000000,1690.000000,1665.000000,1675.000000,1660.878906,27132700
2023-08-10,1675.000000,1675.000000,1650.000000,1660.000000,1646.005371,10036700
2023-08-11,1665.000000,1670.000000,1640.000000,1645.000000,1631.131836,6519300
2023-08-14,1645.000000,1700.000000,1645.000000,1685.000000,1670.794678,22908900
2023-08-15,1690.000000,1725.000000,1690.000000,1725.000000,1710.457397,44872600
2023-08-16,1725.000000,1730.000000,1695.000000,1705.000000,1690.625977,17188000
2023-08-18,1700.000000,1715.000000,1700.000000,1710.000000,1695.583862,13905300
2023-08-21,1710.000000,1720.000000,1695.000000,1700.000000,1685.668213,13910200
2023-08-22,1705.000000,1710.000000,1660.000000,1670.000000,1655.921143,25457200
2023-08-23,1670.000000,1695.000000,1665.000000,1685.000000,1670.794678,16497600
2023-08-24,1685.000000,1710.000000,1680.000000,1680.000000,1665.836792,9177300
2023-08-25,1680.000000,1690.000000,1670.000000,1685.000000,1670.794678,8246500
2023-08-28,1685.000000,1730.000000,1685.000000,1695.000000,1680.710327,31928600
2023-08-29,1700.000000,1710.000000,1685.000000,1685.000000,1670.794678,14475700
2023-08-30,1690.000000,1700.000000,1685.000000,1685.000000,1670.794678,9397800
2023-08-31,1685.000000,1730.000000,1680.000000,1710.000000,1695.583862,25771400
2023-09-01,1710.000000,1720.000000,1685.000000,1685.000000,1670.794678,21414600
2023-09-04,1685.000000,1705.000000,1660.000000,1670.000000,1655.921143,19421400
2023-09-05,1670.000000,1675.000000,1640.000000,1645.000000,1631.131836,24860900
2023-09-06,1650.000000,1670.000000,1650.000000,1660.000000,1646.005371,14875700
2023-09-07,1660.000000,1675.000000,1630.000000,1640.000000,1626.174072,19613700
2023-09-08,1665.000000,1665.000000,1640.000000,1640.000000,1626.174072,8229200
2023-09-11,1640.000000,1655.000000,1640.000000,1655.000000,1641.047607,6417100
2023-09-12,1655.000000,1660.000000,1635.000000,1640.000000,1626.174072,9831800
2023-09-13,1645.000000,1665.000000,1640.000000,1655.000000,1641.047607,10062400
2023-09-14,1665.000000,1670.000000,1645.000000,1660.000000,1646.005371,16814200
2023-09-15,1660.000000,1670.000000,1650.000000,1655.000000,1641.047607,12273900
2023-09-18,1655.000000,1655.000000,1600.000000,1605.000000,1591.469116,28723100
2023-09-19,1615.000000,1645.000000,1605.000000,1620.000000,1606.342651,26377300
2023-09-20,1635.000000,1735.000000,1630.000000,1715.000000,1700.541748,103541200
2023-09-21,1720.000000,1730.000000,1650.000000,1650.000000,1636.089722,61870900
2023-09-22,1650.000000,1670.000000,1630.000000,1640.000000,1626.174072,28776400
2023-09-25,1640.000000,1650.000000,1615.000000,1620.000000,1606.342651,22654100
2023-09-26,1620.000000,1635.000000,1600.000000,1605.000000,1591.469116,28585900
2023-09-27,1615.000000,1640.000000,1610.000000,1615.000000,1601.384766,21738200
2023-09-29,1620.000000,1630.000000,1605.000000,1625.000000,1611.300415,14792200
2023-10-02,1625.000000,1640.000000,1610.000000,1615.000000,1601.384766,10382100
2023-10-03,1615.000000,1625.000000,1540.000000,1540.000000,1527.017090,56622800
2023-10-04,1540.000000,1545.000000,1500.000000,1510.000000,1497.270020,39806500
2023-10-05,1510.000000,1575.000000,1510.000000,1545.000000,1531.974854,29201400
2023-10-06,1560.000000,1560.000000,1530.000000,1540.000000,1527.017090,10767700
2023-10-09,1540.000000,1565.000000,1540.000000,1560.000000,1546.848389,12902700
2023-10-10,1560.000000,1570.000000,1545.000000,1565.000000,1551.806274,7152200
2023-10-11,1570.000000,1580.000000,1550.000000,1555.000000,1541.890625,8126500
2023-10-12,1560.000000,1595.000000,1560.000000,1585.000000,1571.637695,21786800
2023-10-13,1585.000000,1585.000000,1530.000000,1540.000000,1527.017090,16553200
2023-10-16,1530.000000,1540.000000,1515.000000,1525.000000,1512.143555,11830800
2023-10-17,1530.000000,1545.000000,1515.000000,1540.000000,1527.017090,11759000
2023-10-18,1540.000000,1540.000000,1515.000000,1535.000000,1522.059204,4565700
2023-10-19,1535.000000,1540.000000,1510.000000,1510.000000,1497.270020,7995700
2023-10-20,1510.000000,1535.000000,1450.000000,1520.000000,1507.185669,17936100
2023-10-23,1520.000000,1520.000000,1475.000000,1490.000000,1477.438599,11063800
2023-10-24,1495.000000,1555.000000,1495.000000,1545.000000,1531.974854,12532600
2023-10-25,1545.000000,1560.000000,1515.000000,1525.000000,1512.143555,8565400
2023-10-26,1525.000000,1530.000000,1495.000000,1515.000000,1502.227783,7544900
2023-10-27,1515.000000,1535.000000,1505.000000,1530.000000,1517.101318,3745400
2023-10-30,1530.000000,1535.000000,1510.000000,1510.000000,1497.270020,8708600
2023-10-31,1515.000000,1535.000000,1485.000000,1500.000000,1487.354248,10418700
2023-11-01,1505.000000,1515.000000,1485.000000,1490.000000,1477.438599,8827400
2023-11-02,1505.000000,1525.000000,1490.000000,1500.000000,1487.354248,12585600
2023-11-03,1520.000000,1520.000000,1495.000000,1505.000000,1492.312134,7951000
2023-11-06,1510.000000,1530.000000,1505.000000,1520.000000,1507.185669,6659100
2023-11-07,1520.000000,1525.000000,1480.000000,1500.000000,1487.354248,17979300
2023-11-08,1500.000000,1500.000000,1455.000000,1465.000000,1452.649292,16817600
2023-11-09,1470.000000,1485.000000,1460.000000,1475.000000,1462.565063,6077200
2023-11-10,1480.000000,1490.000000,1460.000000,1465.000000,1452.649292,3648000
2023-11-13,1465.000000,1475.000000,1455.000000,1460.000000,1447.691528,5792400
2023-11-14,1465.000000,1485.000000,1465.000000,1480.000000,1467.522949,3536500
2023-11-15,1500.000000,1550.000000,1500.000000,1535.000000,1522.059204,21031800
2023-11-16,1535.000000,1550.000000,1520.000000,1545.000000,1531.974854,13837200
2023-11-17,1545.000000,1620.000000,1540.000000,1605.000000,1591.469116,54117200
2023-11-20,1605.000000,1660.000000,1595.000000,1635.000000,1621.216187,43176200
2023-11-21,1635.000000,1650.000000,1615.000000,1640.000000,1626.174072,13758400
2023-11-22,1640.000000,1640.000000,1610.000000,1615.000000,1601.384766,7902600
2023-11-23,1615.000000,1645.000000,1615.000000,1625.000000,1611.300415,12758000
2023-11-24,1630.000000,1680.000000,1630.000000,1655.000000,1641.047607,46124900
2023-11-27,1655.000000,1685.000000,1640.000000,1645.000000,1631.131836,18608600
2023-11-28,1645.000000,1690.000000,1640.000000,1660.000000,1646.005371,46497400
2023-11-29,1665.000000,1670.000000,1635.000000,1645.000000,1631.131836,7381300
2023-11-30,1645.000000,1670.000000,1645.000000,1655.000000,1641.047607,22181800
2023-12-01,1650.000000,1690.000000,1650.000000,1675.000000,1660.878906,27134400
2023-12-04,1675.000000,1715.000000,1675.000000,1700.000000,1685.668213,37657900
2023-12-05,1700.000000,1725.000000,1690.000000,1715.000000,1700.541748,42384900
2023-12-06,1715.000000,1780.000000,1710.000000,1740.000000,1725.330933,52012700
2023-12-07,1740.000000,1740.000000,1660.000000,1685.000000,1670.794678,30028600
2023-12-08,1680.000000,1700.000000,1645.000000,1685.000000,1670.794678,12257800
2023-12-11,1690.000000,1690.000000,1650.000000,1670.000000,1655.921143,8377900
2023-12-12,1670.000000,1715.000000,1615.000000,1640.000000,1626.174072,30486500
2023-12-13,1645.000000,1660.000000,1635.000000,1645.000000,1631.131836,8918700
2023-12-14,1660.000000,1730.000000,1655.000000,1705.000000,1690.625977,25482500
2023-12-15,1710.000000,1715.000000,1700.000000,1700.000000,1685.668213,12317700
2023-12-18,1690.000000,1705.000000,1670.000000,1695.000000,1680.710327,12521500
2023-12-19,1700.000000,1710.000000,1690.000000,1705.000000,1690.625977,5861900
2023-12-20,1710.000000,1765.000000,1710.000000,1755.000000,1740.204468,39163500
2023-12-21,1765.000000,1765.000000,1680.000000,1690.000000,1675.752441,25310000
2023-12-22,1690.000000,1725.000000,1685.000000,1695.000000,1680.710327,9421600
2023-12-27,1695.000000,1705.000000,1685.000000,1695.000000,1680.710327,10923600
2023-12-28,1695.000000,1745.000000,1685.000000,1740.000000,1725.330933,23222700
2023-12-29,1735.000000,1745.000000,1710.000000,1740.000000,1725.330933,21099100
2024-01-02,1740.000000,1745.000000,1710.000000,1740.000000,1725.330933,13118700
2024-01-03,1735.000000,1830.000000,1730.000000,1800.000000,1784.825195,76511200
2024-01-04,1795.000000,1895.000000,1780.000000,1895.000000,1879.024292,80872900
2024-01-05,1895.000000,1955.000000,1885.000000,1900.000000,1883.982056,90672100
2024-01-08,1900.000000,2010.000000,1900.000000,1925.000000,1908.771362,106684300
2024-01-09,1940.000000,1975.000000,1905.000000,1960.000000,1943.476318,41347600
2024-01-10,1960.000000,1970.000000,1905.000000,1935.000000,1918.687012,45737200
2024-01-11,1940.000000,2050.000000,1940.000000,1970.000000,1953.391968,63983000
2024-01-12,1970.000000,2010.000000,1960.000000,1980.000000,1963.307617,35836500
2024-01-15,1980.000000,1985.000000,1930.000000,1945.000000,1928.602661,29827200
2024-01-16,1945.000000,1950.000000,1915.000000,1930.000000,1913.729126,29515600
2024-01-17,1930.000000,1965.000000,1920.000000,1950.000000,1933.560547,50357100
2024-01-18,1950.000000,2030.000000,1950.000000,2010.000000,1993.054688,66224100
2024-01-19,2030.000000,2040.000000,1995.000000,2010.000000,1993.054688,29849200
2024-01-22,2020.000000,2090.000000,2000.000000,2090.000000,2072.380371,59023400
2024-01-23,2100.000000,2190.000000,2090.000000,2160.000000,2141.790039,98830300
2024-01-24,2160.000000,2170.000000,2050.000000,2070.000000,2052.548828,51015000
2024-01-25,2070.000000,2130.000000,2030.000000,2040.000000,2022.801758,27550900
2024-01-26,2040.000000,2060.000000,1965.000000,1995.000000,1978.181152,45801100
2024-01-29,1995.000000,2140.000000,1995.000000,2140.000000,2121.958740,45264200
2024-01-30,2140.000000,2180.000000,2120.000000,2180.000000,2161.621582,47841800
2024-01-31,2180.000000,2340.000000,2160.000000,2330.000000,2310.356934,120101900
2024-02-01,2330.000000,2400.000000,2270.000000,2300.000000,2280.609863,92240200
2024-02-02,2310.000000,2400.000000,2290.000000,2320.000000,2300.441406,59980700
2024-02-05,2320.000000,2350.000000,2290.000000,2310.000000,2290.525635,40628600
2024-02-06,2310.000000,2320.000000,2290.000000,2310.000000,2290.525635,14620000
2024-02-07,2310.000000,2380.000000,2310.000000,2360.000000,2340.104004,36584300
2024-02-12,2370.000000,2400.000000,2330.000000,2370.000000,2350.019775,40964700
2024-02-13,2370.000000,2380.000000,2330.000000,2350.000000,2330.188477,26776300
2024-02-15,2400.000000,2450.000000,2380.000000,2390.000000,2369.851074,74108800
2024-02-16,2390.000000,2410.000000,2310.000000,2330.000000,2310.356934,39394100
2024-02-19,2330.000000,2410.000000,2290.000000,2380.000000,2359.935547,49202700
2024-02-20,2400.000000,2500.000000,2360.000000,2480.000000,2459.092285,76880900
2024-02-21,2480.000000,2500.000000,2400.000000,2440.000000,2419.429688,66638500
2024-02-22,2450.000000,2470.000000,2430.000000,2460.000000,2439.260986,32330100
2024-02-23,2470.000000,2480.000000,2420.000000,2450.000000,2429.345215,22746800
2024-02-26,2450.000000,2470.000000,2420.000000,2430.000000,2409.513916,21265000
2024-02-27,2420.000000,2550.000000,2400.000000,2510.000000,2488.839600,53285600
2024-02-28,2530.000000,2540.000000,2470.000000,2480.000000,2459.092285,29185500
2024-02-29,2490.000000,2520.000000,2430.000000,2470.000000,2449.176758,23360100
2024-03-01,2470.000000,2480.000000,2370.000000,2420.000000,2399.598145,27762600
2024-03-04,2420.000000,2450.000000,2380.000000,2410.000000,2389.682617,22411600
2024-03-05,2410.000000,2450.000000,2410.000000,2430.000000,2409.513916,18420700
2024-03-06,2430.000000,2480.000000,2400.000000,2470.000000,2449.176758,25245100
2024-03-07,2500.000000,2520.000000,2470.000000,2480.000000,2459.092285,31395800
2024-03-08,2500.000000,2620.000000,2470.000000,2600.000000,2578.080811,74013000
2024-03-13,2610.000000,2850.000000,2610.000000,2850.000000,2825.973145,98769200
2024-03-14,2870.000000,2960.000000,2680.000000,2710.000000,2687.153320,103946700
2024-03-15,2720.000000,2780.000000,2650.000000,2670.000000,2647.490723,45921300
2024-03-18,2670.000000,2700.000000,2610.000000,2640.000000,2617.743652,42883800
2024-03-19,2650.000000,2730.000000,2640.000000,2660.000000,2637.574951,57088500
2024-03-20,2690.000000,2720.000000,2640.000000,2660.000000,2637.574951,23201700
2024-03-21,2690.000000,2720.000000,2660.000000,2680.000000,2657.406250,21906100
2024-03-22,2680.000000,2680.000000,2620.000000,2630.000000,2607.827881,20727900
2024-03-25,2680.000000,2680.000000,2630.000000,2660.000000,2637.574951,26442400
2024-03-26,2680.000000,2680.000000,2630.000000,2680.000000,2657.406250,19794100
2024-03-27,2690.000000,2760.000000,2670.000000,2720.000000,2697.069092,56342100
2024-03-28,2740.000000,2750.000000,2670.000000,2710.000000,2687.153320,20968100
2024-04-01,2710.000000,2720.000000,2440.000000,2550.000000,2528.502197,98265300
2024-04-02,2550.000000,2700.000000,2510.000000,2690.000000,2667.322021,68896800
2024-04-03,2690.000000,2690.000000,2590.000000,2640.000000,2617.743652,24102000
2024-04-04,2660.000000,2740.000000,2650.000000,2730.000000,2706.984863,35017300
2024-04-05,2730.000000,2750.000000,2690.000000,2700.000000,2677.237793,13370900
2024-04-16,2590.000000,2640.000000,2520.000000,2550.000000,2528.502197,39244700
2024-04-17,2570.000000,2600.000000,2460.000000,2480.000000,2459.092285,35246500
2024-04-18,2510.000000,2620.000000,2510.000000,2600.000000,2578.080811,60707600
2024-04-19,2560.000000,2570.000000,2470.000000,2540.000000,2518.586670,43648900
2024-04-22,2540.000000,2560.000000,2480.000000,2540.000000,2518.586670,33008100
2024-04-23,2550.000000,2630.000000,2530.000000,2600.000000,2578.080811,39282900
2024-04-24,2620.000000,2670.000000,2600.000000,2640.000000,2617.743652,33088200
2024-04-25,2640.000000,2650.000000,2580.000000,2580.000000,2558.249268,15328800
2024-04-26,2580.000000,2600.000000,2470.000000,2470.000000,2449.176758,34490800
2024-04-29,2480.000000,2530.000000,2460.000000,2510.000000,2488.839600,23565700
2024-04-30,2520.000000,2640.000000,2520.000000,2640.000000,2617.743652,37794200
2024-05-02,2640.000000,2640.000000,2510.000000,2540.000000,2518.586670,33703700
2024-05-03,2550.000000,2650.000000,2520.000000,2630.000000,2607.827881,34475700
2024-05-06,2670.000000,2870.000000,2670.000000,2790.000000,2766.479004,97349400
2024-05-07,2790.000000,2800.000000,2700.000000,2700.000000,2677.237793,35836500
2024-05-08,2700.000000,2740.000000,2510.000000,2540.000000,2518.586670,87917000
2024-05-13,2540.000000,2550.000000,2230.000000,2300.000000,2280.609863,172382700
2024-05-14,2310.000000,2390.000000,2270.000000,2350.000000,2330.188477,88250200
2024-05-15,2350.000000,2550.000000,2340.000000,2540.000000,2518.586670,99439800
2024-05-16,2580.000000,2650.000000,2540.000000,2540.000000,2518.586670,66238200
2024-05-17,2550.000000,2580.000000,2490.000000,2520.000000,2498.755127,39459600
2024-05-20,2530.000000,2540.000000,2460.000000,2470.000000,2449.176758,19578200
2024-05-21,2470.000000,2470.000000,2350.000000,2360.000000,2340.104004,34663600
2024-05-22,2380.000000,2410.000000,2310.000000,2330.000000,2310.356934,50980500
2024-05-27,2330.000000,2340.000000,2260.000000,2270.000000,2250.862793,41880400
2024-05-28,2280.000000,2340.000000,2280.000000,2290.000000,2270.694092,27318200
2024-05-29,2290.000000,2300.000000,2160.000000,2200.000000,2181.452881,36229700
2024-05-30,2200.000000,2200.000000,2110.000000,2160.000000,2160.000000,44789500
2024-05-31,2170.000000,2240.000000,2160.000000,2200.000000,2200.000000,34438100
